,STATE ABBREVIATION,D,CANDIDATE NAME (First),CANDIDATE NAME (Last),CANDIDATE NAME(f),CANDIDATE NAME,PARTY,(I),GENERAL VOTES 
0,AL,01,Bradley,Byrne,bradley byrne,"Byrne, Bradley",R,1,103758
1,AL,01,Burton R.,LeFlore,burton leflore,"LeFlore, Burton R.",D,0,48278
2,AL,02,Martha,Roby,martha roby,"Roby, Martha",R,1,113103
3,AL,02,Erick,Wright,erick wright,"Wright, Erick",D,0,54692
4,AL,03,Mike,Rogers,mike rogers,"Rogers, Mike",R,1,103558
5,AL,03,Jesse T.,Smith,jesse smith,"Smith, Jesse T.",D,0,52816
6,AL,04,Robert,Aderholt,robert aderholt,"Aderholt, Robert",R,1,132831
7,AL,05,Mo,Brooks,mo brooks,"Brooks, Mo",R,1,115338
8,AL,05,Mark,Bray,mark bray,"Bray, Mark",OTHER,0,39005
9,AL,06,Gary,Palmer,gary palmer,"Palmer, Gary",R,0,135945
10,AL,06,Mark,Lester,mark lester,"Lester, Mark #",D,0,42291
11,AL,07,Terri A.,Sewell,terri sewell,"Sewell, Terri A.",D,1,133687
12,AK,00,Don,Young,don young,"Young, Don",R,1,142572
13,AK,00,Forrest ,Dunbar,forrest dunbar,"Dunbar, Forrest ",D,0,114602
14,AK,00,Jim C.,McDermott,jim mcdermott,"McDermott, Jim C.",OTHER,0,21290
15,AS,00,Aumua,Amata,aumua amata,"Amata, Aumua",R,0,4306
16,AS,00,Eni F. H.,Faleomavaega,eni faleomavaega,"Faleomavaega, Eni F. H.",D,1,3157
17,AS,00,Togiola,Tulafono,togiola tulafono,"Tulafono, Togiola",D,0,1130
18,AS,00,Mapu S.,Jamias,mapu jamias,"Jamias, Mapu S.",D,0,652
19,AS,00,Rosie Fuala'au Tago,Lancaster,rosie lancaster,"Lancaster, Rosie Fuala'au Tago",OTHER,0,268
20,AS,00,Meleagi,Suitonu-Chapman,meleagi suitonu-chapman,"Suitonu-Chapman, Meleagi",D,0,229
21,AS,00,Tuika,Tuika,tuika tuika,"Tuika, Tuika",OTHER,0,201
22,AS,00,"Tuā'au Kereti, Jr.",Māta'utia,tuā'au māta'utia,"Māta'utia, Tuā'au Kereti, Jr.",D,0,160
23,AS,00,Mark,Ude,mark ude,"Ude, Mark",OTHER,0,143
24,AZ,01,Ann,Kirkpatrick,ann kirkpatrick,"Kirkpatrick, Ann",D,1,97391
25,AZ,01,Andy,Tobin,andy tobin,"Tobin, Andy",R,0,87723
26,AZ,02,Martha ,McSally,martha mcsally,"McSally, Martha ",R,0,109714
27,AZ,02,Ron,Barber,ron barber,"Barber, Ron",D,1,109547
28,AZ,02,Sampson U.,Ramirez,sampson ramirez,"Ramirez, Sampson U.",OTHER,0,56
29,AZ,02,Sydney,Dudikoff,sydney dudikoff,"Dudikoff, Sydney",OTHER,0,48
30,AZ,03,Raul ,Grijalva,raul grijalva,"Grijalva, Raul ",D,1,58192
31,AZ,03,Gabby,Saucedo Mercer,gabby saucedo mercer,"Saucedo Mercer, Gabby",R,0,46185
32,AZ,03,F.,Sánchez,f. sánchez,"Sánchez, F.",OTHER,0,43
33,AZ,03,Lee,Thompson,lee thompson,"Thompson, Lee",OTHER,0,8
34,AZ,04,Paul,Gosar,paul gosar,"Gosar, Paul",R,1,122560
35,AZ,04,Mike,Weisser,mike weisser,"Weisser, Mike",D,0,45179
36,AZ,04,Chris,Rike,chris rike,"Rike, Chris",OTHER,0,7440
37,AZ,05,Matt,Salmon,matt salmon,"Salmon, Matt",R,1,124867
38,AZ,05,James,Woods,james woods,"Woods, James",D,0,54596
39,AZ,06,David ,Schweikert,david schweikert,"Schweikert, David ",R,1,129578
40,AZ,06,W. John,Williamson,w. williamson,"Williamson, W. John",D,0,70198
41,AZ,07,Ruben,Gallego,ruben gallego,"Gallego, Ruben",D,0,54235
42,AZ,07,Joe,Cobb,joe cobb,"Cobb, Joe",OTHER,0,10715
43,AZ,07,Rebecca,DeWitt,rebecca dewitt,"DeWitt, Rebecca",OTHER,0,3858
44,AZ,07,José,Peñalosa,josé peñalosa,"Peñalosa, José",OTHER,0,3496
45,AZ,07,Gary,Dunn,gary dunn,"Dunn, Gary",OTHER,0,129
46,AZ,07,Gustavo,Ortega,gustavo ortega,"Ortega, Gustavo",OTHER,0,17
47,AZ,07,Samuel,Esquivel,samuel esquivel,"Esquivel, Samuel",OTHER,0,4
48,AZ,08,Trent,Franks,trent franks,"Franks, Trent",R,1,128710
49,AZ,08,Stephen,Dolgos,stephen dolgos,"Dolgos, Stephen",OTHER,0,41066
50,AZ,09,Kyrsten,Sinema,kyrsten sinema,"Sinema, Kyrsten",D,1,88609
51,AZ,09,Wendy,Rogers,wendy rogers,"Rogers, Wendy",R,0,67841
52,AZ,09,Powell,Gammill,powell gammill,"Gammill, Powell",OTHER,0,5612
53,AR,01,Rick ,Crawford,rick crawford,"Crawford, Rick ",R,1,124139
54,AR,01,Jackie,McPherson,jackie mcpherson,"McPherson, Jackie",D,0,63555
55,AR,01,Brian Scott,Willhite,brian willhite,"Willhite, Brian Scott",OTHER,0,8562
56,AR,02,French ,Hill,french hill,"Hill, French ",R,0,123073
57,AR,02,Patrick Henry,Hays,patrick hays,"Hays, Patrick Henry",D,0,103477
58,AR,02,Debbie ,Standiford,debbie standiford,"Standiford, Debbie ",OTHER,0,10590
59,AR,02,Charles,Neely,charles neely,"Neely, Charles",OTHER,0,190
60,AR,03,Steve,Womack,steve womack,"Womack, Steve",R,1,151630
61,AR,03,Grant ,Brand,grant brand,"Brand, Grant ",OTHER,0,39305
62,AR,04,Bruce,Westerman,bruce westerman,"Westerman, Bruce",R,0,110789
63,AR,04,James Lee,Witt,james witt,"Witt, James Lee",D,0,87742
64,AR,04,Ken,Hamilton,ken hamilton,"Hamilton, Ken",OTHER,0,7598
65,AR,04,Janis K.,Percefull,janis percefull,"Percefull, Janis K.",OTHER,0,2
66,CA,01,Doug,La Malfa,doug la malfa,"La Malfa, Doug",R,1,132052
67,CA,01,Heidi,Hall,heidi hall,"Hall, Heidi",D,0,84320
68,CA,02,Jared,Huffman,jared huffman,"Huffman, Jared",D,1,163124
69,CA,02,Dale K.,Mensing,dale mensing,"Mensing, Dale K.",R,0,54400
70,CA,03,John,Garamendi,john garamendi,"Garamendi, John",D,1,79224
71,CA,03,Dan,Logue,dan logue,"Logue, Dan",R,0,71036
72,CA,04,Tom,McClintock,tom mcclintock,"McClintock, Tom",R,1,126784
73,CA,04,"Arthur ""Art""",Moore,arthur moore,"Moore, Arthur ""Art""",R,0,84350
74,CA,05,Mike,Thompson,mike thompson,"Thompson, Mike",D,1,129613
75,CA,05,James,Hinton,james hinton,"Hinton, James",OTHER,0,41535
76,CA,06,Doris,Matsui,doris matsui,"Matsui, Doris",D,1,97008
77,CA,06,"Joseph, Sr.",McCray,"joseph, mccray","McCray, Joseph, Sr.",R,0,36448
78,CA,07,Ami,Bera,ami bera,"Bera, Ami",D,1,92521
79,CA,07,Doug,Ose,doug ose,"Ose, Doug",R,0,91066
80,CA,08,Paul,Cook,paul cook,"Cook, Paul",R,1,77480
81,CA,08,Bob,Conaway,bob conaway,"Conaway, Bob",D,0,37056
82,CA,09,Jerry,McNerney,jerry mcnerney,"McNerney, Jerry",D,1,63475
83,CA,09,"Antonio C. ""Tony""",Amador,antonio amador,"Amador, Antonio C. ""Tony""",R,0,57729
84,CA,10,Jeff,Denham,jeff denham,"Denham, Jeff",R,1,70582
85,CA,10,Michael,Eggman,michael eggman,"Eggman, Michael",D,0,55123
86,CA,11,Mark,Desaulnier,mark desaulnier,"Desaulnier, Mark",D,0,117502
87,CA,11,Tue,Phan,tue phan,"Phan, Tue",R,0,57160
88,CA,12,Nancy,Pelosi,nancy pelosi,"Pelosi, Nancy",D,1,160067
89,CA,12,John,Dennis,john dennis,"Dennis, John",R,0,32197
90,CA,13,Barbara,Lee,barbara lee,"Lee, Barbara",D,1,168491
91,CA,13,Dakin,Sundeen,dakin sundeen,"Sundeen, Dakin",R,0,21940
92,CA,14,Jackie,Speier,jackie speier,"Speier, Jackie",D,1,114389
93,CA,14,Robin,Chew,robin chew,"Chew, Robin",R,0,34757
94,CA,15,Eric,Swalwell,eric swalwell,"Swalwell, Eric",D,1,99756
95,CA,15,Hugh,Bussell,hugh bussell,"Bussell, Hugh",R,0,43150
96,CA,16,Jim,Costa,jim costa,"Costa, Jim",D,1,46277
97,CA,16,Johnny,Tacherra,johnny tacherra,"Tacherra, Johnny",R,0,44943
98,CA,17,Mike,Honda,mike honda,"Honda, Mike",D,1,69561
99,CA,17,Ro,Khanna,ro khanna,"Khanna, Ro",D,0,64847
100,CA,18,Anna G.,Eshoo,anna eshoo,"Eshoo, Anna G.",D,1,133060
101,CA,18,Richard B.,Fox,richard fox,"Fox, Richard B.",R,0,63326
102,CA,19,Zoe,Lofgren,zoe lofgren,"Lofgren, Zoe",D,1,85888
103,CA,19,Robert,Murray,robert murray,"Murray, Robert",D,0,41900
104,CA,20,Sam,Farr,sam farr,"Farr, Sam",D,1,106034
105,CA,20,Ronald Paul,Kabat,ronald kabat,"Kabat, Ronald Paul",OTHER,0,35010
106,CA,21,David,Valadao,david valadao,"Valadao, David",R,1,45907
107,CA,21,Amanda,Renteria,amanda renteria,"Renteria, Amanda",D,0,33470
108,CA,22,Devin G.,Nunes,devin nunes,"Nunes, Devin G.",R,1,96053
109,CA,22,"Suzanna ""Sam""",Augilera-Marrero,suzanna augilera-marrero,"Augilera-Marrero, Suzanna ""Sam""",D,0,37289
110,CA,23,Kevin,McCarthy,kevin mccarthy,"McCarthy, Kevin",R,1,100317
111,CA,23,Raul,Garcia,raul garcia,"Garcia, Raul",D,0,33726
112,CA,24,Lois,Capps,lois capps,"Capps, Lois",D,1,103228
113,CA,24,Chris,Mitchum,chris mitchum,"Mitchum, Chris",R,0,95566
114,CA,25,Steve,Knight,steve knight,"Knight, Steve",R,0,60847
115,CA,25,Tony,Strickland,tony strickland,"Strickland, Tony",R,0,53225
116,CA,26,Julia,Brownley,julia brownley,"Brownley, Julia",D,1,87176
117,CA,26,Jeff,Gorell,jeff gorell,"Gorell, Jeff",R,0,82653
118,CA,27,Judy,Chu,judy chu,"Chu, Judy",D,1,75728
119,CA,27,Jack,Orswell,jack orswell,"Orswell, Jack",R,0,51852
120,CA,28,Adam B.,Schiff,adam schiff,"Schiff, Adam B.",D,1,91996
121,CA,28,Steve,Stokes,steve stokes,"Stokes, Steve",OTHER,0,28268
122,CA,29,Tony,Cardenas,tony cardenas,"Cardenas, Tony",D,1,50096
123,CA,29,William O'Callaghan,Leader,william leader,"Leader, William O'Callaghan",R,0,17045
124,CA,30,Brad,Sherman,brad sherman,"Sherman, Brad",D,1,86568
125,CA,30,Mark S.,Reed,mark reed,"Reed, Mark S.",R,0,45315
126,CA,31,Pete,Aguilar,pete aguilar,"Aguilar, Pete",D,0,51622
127,CA,31,Paul,Chabot,paul chabot,"Chabot, Paul",R,0,48162
128,CA,32,Grace F.,Napolitano,grace napolitano,"Napolitano, Grace F.",D,1,50353
129,CA,32,Arturo Enrique,Alas,arturo alas,"Alas, Arturo Enrique",R,0,34053
130,CA,33,Ted,Lieu,ted lieu,"Lieu, Ted",D,0,108331
131,CA,33,Elan,Carr,elan carr,"Carr, Elan",R,0,74700
132,CA,34,Xavier,Becerra,xavier becerra,"Becerra, Xavier",D,1,44697
133,CA,34,Adrienne Nicole,Edwards,adrienne edwards,"Edwards, Adrienne Nicole",D,0,16924
134,CA,35,Norma J.,Torres,norma torres,"Torres, Norma J.",D,0,39502
135,CA,35,Christina,Gagnier,christina gagnier,"Gagnier, Christina",D,0,22753
136,CA,36,Raul,Ruiz,raul ruiz,"Ruiz, Raul",D,1,72682
137,CA,36,Brian,Nestande,brian nestande,"Nestande, Brian",R,0,61457
138,CA,37,Karen,Bass,karen bass,"Bass, Karen",D,1,96787
139,CA,37,R. Adam,King,r. king,"King, R. Adam",R,0,18051
140,CA,38,Linda T.,Sanchez,linda sanchez,"Sanchez, Linda T.",D,1,58192
141,CA,38,Benjamin,Campos,benjamin campos,"Campos, Benjamin",R,0,40288
142,CA,39,Ed,Royce,ed royce,"Royce, Ed",R,1,91319
143,CA,39,Peter O.,Anderson,peter anderson,"Anderson, Peter O.",D,0,41906
144,CA,40,Lucille,Roybal-Allard,lucille roybal-allard,"Roybal-Allard, Lucille",D,1,30208
145,CA,40,David,Sanchez,david sanchez,"Sanchez, David",D,0,19171
146,CA,41,Mark,Takano,mark takano,"Takano, Mark",D,1,46948
147,CA,41,Steve,Adams,steve adams,"Adams, Steve",R,0,35936
148,CA,42,Ken,Calvert,ken calvert,"Calvert, Ken",R,1,74540
149,CA,42,Tim,Sheridan,tim sheridan,"Sheridan, Tim",D,0,38850
150,CA,43,Maxine,Waters,maxine waters,"Waters, Maxine",D,1,69681
151,CA,43,"John, Jr.",Wood,"john, wood","Wood, John, Jr.",R,0,28521
152,CA,44,Janice,Hahn,janice hahn,"Hahn, Janice",D,1,59670
153,CA,44,Adam,Shbeita,adam shbeita,"Shbeita, Adam",OTHER,0,9192
154,CA,45,Mimi,Walters,mimi walters,"Walters, Mimi",R,0,106083
155,CA,45,Drew E.,Leavens,drew leavens,"Leavens, Drew E.",D,0,56819
156,CA,46,Loretta,Sanchez,loretta sanchez,"Sanchez, Loretta",D,1,49738
157,CA,46,Adam,Nick,adam nick,"Nick, Adam",R,0,33577
158,CA,47,Alan,Lowenthal,alan lowenthal,"Lowenthal, Alan",D,1,69091
159,CA,47,Andy,Whallon,andy whallon,"Whallon, Andy",R,0,54309
160,CA,48,Dana,Rohrabacher,dana rohrabacher,"Rohrabacher, Dana",R,1,112082
161,CA,48,Suzanne Joyce,Savary,suzanne savary,"Savary, Suzanne Joyce",D,0,62713
162,CA,49,Darrell,Issa,darrell issa,"Issa, Darrell",R,1,98161
163,CA,49,Dave,Peiser,dave peiser,"Peiser, Dave",D,0,64981
164,CA,50,Duncan D.,Hunter,duncan hunter,"Hunter, Duncan D.",R,1,111997
165,CA,50,James H.,Kimber,james kimber,"Kimber, James H.",D,0,45302
166,CA,51,Juan,Vargas,juan vargas,"Vargas, Juan",D,1,56373
167,CA,51,Stephen,Meade,stephen meade,"Meade, Stephen",R,0,25577
168,CA,52,Scott,Peters,scott peters,"Peters, Scott",D,1,98826
169,CA,52,Carl,DeMaio,carl demaio,"DeMaio, Carl",R,0,92746
170,CA,53,Susan A.,Davis,susan davis,"Davis, Susan A.",D,1,87104
171,CA,53,Larry A.,Wilske,larry wilske,"Wilske, Larry A.",R,0,60940
172,CO,01,Diana,DeGette,diana degette,"DeGette, Diana",D,1,183281
173,CO,01,Martin,Walsh,martin walsh,"Walsh, Martin",R,0,80682
174,CO,01,Frank,Atwood,frank atwood,"Atwood, Frank",OTHER,0,9292
175,CO,01,Danny E.,Stroud,danny stroud,"Stroud, Danny E.",OTHER,0,5236
176,CO,01,Daniel,Kirschler,daniel kirschler,"Kirschler, Daniel",OTHER,0,2
177,CO,01,Logan,Blackburn,logan blackburn,"Blackburn, Logan",OTHER,0,1
178,CO,02,Jared,Polis,jared polis,"Polis, Jared",D,1,196300
179,CO,02,George,Leing,george leing,"Leing, George",R,0,149645
180,CO,03,Scott R.,Tipton,scott tipton,"Tipton, Scott R.",R,1,163011
181,CO,03,Abel J.,Tapia,abel tapia,"Tapia, Abel J.",D,0,100364
182,CO,03,Tisha T.,Casida,tisha casida,"Casida, Tisha T.",OTHER,0,11294
183,CO,03,Travis,Mero,travis mero,"Mero, Travis",OTHER,0,6472
184,CO,04,Ken,Buck,ken buck,"Buck, Ken",R,0,185292
185,CO,04,Vic,Meyers,vic meyers,"Meyers, Vic",D,0,83727
186,CO,04,Jess,Loban,jess loban,"Loban, Jess",OTHER,0,9472
187,CO,04,Grant,Doherty,grant doherty,"Doherty, Grant",OTHER,0,8016
188,CO,05,Doug,Lamborn,doug lamborn,"Lamborn, Doug",R,1,157182
189,CO,05,Irv,Halter,irv halter,"Halter, Irv",D,0,105673
190,CO,06,Mike,Coffman,mike coffman,"Coffman, Mike",R,1,143467
191,CO,06,Andrew,Romanoff,andrew romanoff,"Romanoff, Andrew",D,0,118847
192,CO,06,Norm,Olsen,norm olsen,"Olsen, Norm",OTHER,0,8623
193,CO,06,Gary,Swing,gary swing,"Swing, Gary",OTHER,0,5503
194,CO,07,Ed,Perlmutter,ed perlmutter,"Perlmutter, Ed",D,1,148225
195,CO,07,Don,Ytterberg,don ytterberg,"Ytterberg, Don",R,0,120918
196,CT,01,John B.,Larson,john larson,"Larson, John B.",D,1,127430
197,CT,01,John B.,Larson,john larson,"Larson, John B.",OTHER,0,8395
198,CT,01,Matthew M.,Corey,matthew corey,"Corey, Matthew M.",R,0,78609
199,CT,01,Jeffery,Russell,jeffery russell,"Russell, Jeffery",OTHER,0,3447
200,CT,02,Joe,Courtney,joe courtney,"Courtney, Joe",D,1,131294
201,CT,02,Joe,Courtney,joe courtney,"Courtney, Joe",OTHER,0,10654
202,CT,02,Lori,Hopkins-Cavanagh,lori hopkins-cavanagh,"Hopkins-Cavanagh, Lori",R,0,80837
203,CT,02,William C.,Clyde,william clyde,"Clyde, William C.",OTHER,0,2549
204,CT,02,Daniel ,Reale,daniel reale,"Reale, Daniel ",OTHER,0,2602
205,CT,03,Rosa L.,DeLauro,rosa delauro,"DeLauro, Rosa L.",D,1,130009
206,CT,03,Rosa L.,DeLauro,rosa delauro,"DeLauro, Rosa L.",OTHER,0,10476
207,CT,03,James E.,Brown,james brown,"Brown, James E.",R,0,69454
208,CT,04,Jim,Himes,jim himes,"Himes, Jim",D,1,101401
209,CT,04,Jim,Himes,jim himes,"Himes, Jim",OTHER,0,5472
210,CT,04,Dan,Debicella,dan debicella,"Debicella, Dan",R,0,88209
211,CT,04,Dan,Debicella,dan debicella,"Debicella, Dan",OTHER,0,3713
212,CT,04,Stephen A.,Miller,stephen miller,"Miller, Stephen A.",OTHER,0,3
213,CT,04,Sophie E.,Pastore,sophie pastore,"Pastore, Sophie E.",OTHER,0,2
214,CT,05,Elizabeth,Esty,elizabeth esty,"Esty, Elizabeth",D,1,106256
215,CT,05,Elizabeth,Esty,elizabeth esty,"Esty, Elizabeth",OTHER,0,7308
216,CT,05,John J.,Pistone,john pistone,"Pistone, John J.",OTHER,0,1970
217,CT,05,Mark,Greenberg,mark greenberg,"Greenberg, Mark",R,0,92404
218,CT,05,Mark,Greenberg,mark greenberg,"Greenberg, Mark",OTHER,0,5363
219,DE,00,"John C., Jr.",Carney,john carney,"Carney, John C., Jr.",D,1,137251
220,DE,00,Rose,Izzo,rose izzo,"Izzo, Rose",R,0,85146
221,DE,00,Bernard,August,bernard august,"August, Bernard",OTHER,0,4801
222,DE,00,Scott,Gesty,scott gesty,"Gesty, Scott",OTHER,0,4419
223,DC,00,Eleanor H.,Norton,eleanor norton,"Norton, Eleanor H.",D,1,143923
224,DC,00,Nelson F.,Rimensnyder,nelson rimensnyder,"Rimensnyder, Nelson F.",R,0,11673
225,DC,00,Timothy J.,Krepp,timothy krepp,"Krepp, Timothy J.",OTHER,0,9101
226,DC,00,Natale Lino,Stracuzzi,natale stracuzzi,"Stracuzzi, Natale Lino",OTHER,0,6073
227,DC,00,Sara Jane ,Panfil,sara panfil,"Panfil, Sara Jane #",OTHER,0,#
228,FL,01,Jeff,Miller,jeff miller,"Miller, Jeff",R,1,165086
229,FL,01,Jim,Bryan,jim bryan,"Bryan, Jim",D,0,54976
230,FL,01,Mark,Wichern,mark wichern,"Wichern, Mark",OTHER,0,15281
231,FL,02,Gwen,Graham,gwen graham,"Graham, Gwen",D,0,126096
232,FL,02,Steve,Southerland,steve southerland,"Southerland, Steve",R,1,123262
233,FL,02,Luther ,Lee,luther lee,"Lee, Luther ",OTHER,0,422
234,FL,03,Ted,Yoho,ted yoho,"Yoho, Ted",R,1,148691
235,FL,03,Marihelen,Wheeler,marihelen wheeler,"Wheeler, Marihelen",D,0,73910
236,FL,03,Howard Term Limits,Lawson,howard lawson,"Lawson, Howard Term Limits",OTHER,0,6208
237,FL,04,Ander,Crenshaw,ander crenshaw,"Crenshaw, Ander",R,1,177887
238,FL,04,Paula ,Moser-Bartlett,paula moser-bartlett,"Moser-Bartlett, Paula ",OTHER,0,35663
239,FL,04,Gary L.,Koniz,gary koniz,"Koniz, Gary L.",OTHER,0,13690
240,FL,04,Deborah Katz,Pueschel,deborah pueschel,"Pueschel, Deborah Katz",OTHER,0,13
241,FL,05,Corrine ,Brown,corrine brown,"Brown, Corrine ",D,1,112340
242,FL,05,Glo,Smith,glo smith,"Smith, Glo",R,0,59237
243,FL,06,Ron,DeSantis,ron desantis,"DeSantis, Ron",R,1,166254
244,FL,06,David,Cox,david cox,"Cox, David",D,0,99563
245,FL,07,John  ,Mica,john mica,"Mica, John  ",R,1,144474
246,FL,07,Wes,Neuman,wes neuman,"Neuman, Wes",D,0,73011
247,FL,07,Al,Krulick,al krulick,"Krulick, Al",OTHER,0,9679
248,FL,08,Bill,Posey,bill posey,"Posey, Bill",R,1,180728
249,FL,08,Gabriel,Rothblatt,gabriel rothblatt,"Rothblatt, Gabriel",D,0,93724
250,FL,08,"Christopher L., Jr",Duncan,christopher duncan,"Duncan, Christopher L., Jr",OTHER,0,61
251,FL,09,Alan,Grayson,alan grayson,"Grayson, Alan",D,1,93850
252,FL,09,Carol ,Platt,carol platt,"Platt, Carol ",R,0,74963
253,FL,09,Marko,Milakovich,marko milakovich,"Milakovich, Marko",OTHER,0,5060
254,FL,09,Leon Leo,Ray,leon ray,"Ray, Leon Leo",OTHER,0,5
255,FL,10,Daniel ,Webster,daniel webster,"Webster, Daniel ",R,1,143128
256,FL,10,Michael,McKenna,michael mckenna,"McKenna, Michael",D,0,89426
257,FL,10,David B.,Falstad,david falstad,"Falstad, David B.",OTHER,0,20
258,FL,11,"Richard B. ""Rich""",Nugent,richard nugent,"Nugent, Richard B. ""Rich""",R,1,181508
259,FL,11,Dave ,Koller,dave koller,"Koller, Dave ",D,0,90786
260,FL,12,Gus Michael,Bilirakis,gus bilirakis,"Bilirakis, Gus Michael",R,1,Unopposed
261,FL,13,David W.,Jolly,david jolly,"Jolly, David W.",R,1,168172
262,FL,13,Lucas,Overby,lucas overby,"Overby, Lucas",OTHER,0,55318
263,FL,13,Michael Stephen,Levinson,michael levinson,"Levinson, Michael Stephen",OTHER,0,86
264,FL,14,Kathy ,Castor,kathy castor,"Castor, Kathy ",D,1,Unopposed
265,FL,15,Dennis A.,Ross,dennis ross,"Ross, Dennis A.",R,1,128750
266,FL,15,Alan M.,Cohn,alan cohn,"Cohn, Alan M.",D,0,84832
267,FL,16,Vern,Buchanan,vern buchanan,"Buchanan, Vern",R,1,169126
268,FL,16,Henry ,Lawrence,henry lawrence,"Lawrence, Henry ",D,0,105483
269,FL,16,Joe,Newman,joe newman,"Newman, Joe",OTHER,0,220
270,FL,17,Tom,Rooney,tom rooney,"Rooney, Tom",R,1,141493
271,FL,17,Will,Bronson,will bronson,"Bronson, Will",D,0,82263
272,FL,18,Patrick ,Murphy,patrick murphy,"Murphy, Patrick ",D,1,151478
273,FL,18,Carl J.,Domino,carl domino,"Domino, Carl J.",R,0,101896
274,FL,19,Curt ,Clawson,curt clawson,"Clawson, Curt ",R,1,159354
275,FL,19,April,Freeman,april freeman,"Freeman, April",D,0,80824
276,FL,19,Ray ,Netherwood,ray netherwood,"Netherwood, Ray ",OTHER,0,6671
277,FL,19,Timothy J.,Rossano,timothy rossano,"Rossano, Timothy J.",OTHER,0,12
278,FL,20,Alcee L.,Hasting,alcee hasting,"Hastings, Alcee L.",D,1,128498
279,FL,20,Jay,Bonner,jay bonner,"Bonner, Jay",R,0,28968
280,FL,21,Ted,Deutch,ted deutch,"Deutch, Ted",D,1,153395
281,FL,21,W. Michael,Trout,w. trout,"Trout, W. Michael",OTHER,0,575
282,FL,22,Lois,Frankel,lois frankel,"Frankel, Lois",D,1,125404
283,FL,22,Paul,Spain,paul spain,"Spain, Paul",R,0,90685
284,FL,22,Raymond,Schamis,raymond schamis,"Schamis, Raymond",OTHER,0,7
285,FL,23,Debbie Wasserman,Schultz,debbie schultz,"Schultz, Debbie Wasserman",D,1,103269
286,FL,23,"Joseph ""Joe""",Kaufman,joseph kaufman,"Kaufman, Joseph ""Joe""",R,0,61519
287,FL,24,Frederica S.,Wilson,frederica wilson,"Wilson, Frederica S.",D,1,129192
288,FL,24,Dufirstson Julio ,Neree,dufirstson neree,"Neree, Dufirstson Julio ",R,0,15239
289,FL,24,Luis E.,Fernandez,luis fernandez,"Fernandez, Luis E.",OTHER,0,5487
290,FL,25,Mario,Diaz-Balart,mario diaz-balart,"Diaz-Balart, Mario",R,1,Unopposed
291,FL,26,Carlos ,Curbelo,carlos curbelo,"Curbelo, Carlos ",R,0,83031
292,FL,26,Joe,Garcia,joe garcia,"Garcia, Joe",D,1,78306
293,FL,27,Ileana ,Ros-Lehtinen,ileana ros-lehtinen,"Ros-Lehtinen, Ileana ",R,1,Unopposed
294,GA,01,"E. L. ""Buddy""",Carter,e. carter,"Carter, E. L. ""Buddy""",R,0,95337
295,GA,01,Brian Corwin,Reese,brian reese,"Reese, Brian Corwin",D,0,61175
296,GA,02,Sanford D.,Bishop,sanford bishop,"Bishop, Sanford D.",D,1,96363
297,GA,02,"Gregory P. ""Greg""",Duke,gregory duke,"Duke, Gregory P. ""Greg""",R,0,66537
298,GA,03,Lynn Acton,Westmoreland,lynn westmoreland,"Westmoreland, Lynn Acton",R,1,156277
299,GA,04,"Henry C. ""Hank,"" Jr.",Johnson,henry johnson,"Johnson, Henry C. ""Hank,"" Jr.",D,1,161211
300,GA,04,Raymond L.,Davis,raymond davis,"Davis, Raymond L.",OTHER,0,109
301,GA,05,John R.,Lewis,john lewis,"Lewis, John R.",D,1,170326
302,GA,06,"Thomas E. ""Tom""",Price,thomas price,"Price, Thomas E. ""Tom""",R,1,139018
303,GA,06,Robert G.,Montigel,robert montigel,"Montigel, Robert G.",D,0,71486
304,GA,07,"William Robert ""Rob""",Woodall,william woodall,"Woodall, William Robert ""Rob""",R,1,113557
305,GA,07,Thomas Dee,Wight,thomas wight,"Wight, Thomas Dee",D,0,60112
306,GA,08,James Austin,Scott,james scott,"Scott, James Austin",R,1,129938
307,GA,08,Ronald L.,Cain,ronald cain,"Cain, Ronald L.",OTHER,0,119
308,GA,09,"Douglas Allen ""Doug""",Collins,douglas collins,"Collins, Douglas Allen ""Doug""",R,1,146059
309,GA,09,David Donald,Vogel,david vogel,"Vogel, David Donald",D,0,34988
310,GA,10,Jody B.,Hice,jody hice,"Hice, Jody B.",R,0,130703
311,GA,10,"Ivory Kenneth ""Ken""",Dious,ivory dious,"Dious, Ivory Kenneth ""Ken""",D,0,65777
312,GA,11,Barry D.,Loudermilk,barry loudermilk,"Loudermilk, Barry D.",R,0,161532
313,GA,12,"Richard ""Rick""",Allen,richard allen,"Allen, Richard ""Rick""",R,0,91336
314,GA,12,John Jenkins,Barrow,john barrow,"Barrow, John Jenkins",D,1,75478
315,GA,13,David Albert,Scott,david scott,"Scott, David Albert",D,1,159445
316,GA,14,"John Thomas ""Tom""",Graves,john graves,"Graves, John Thomas ""Tom""",R,1,118782
317,GU,00,Madeleine Z.,Bordallo,madeleine bordallo,"Bordallo, Madeleine Z.",D,1,20693
318,GU,00,Margaret G.,Metcalfe,margaret metcalfe,"Metcalfe, Margaret G.",R,0,14956
319,HI,01,Mark,Takai,mark takai,"Takai, Mark",D,0,93390
320,HI,01,Charles,Djou,charles djou,"Djou, Charles",R,0,86454
321,HI,02,Tulsi,Gabbard,tulsi gabbard,"Gabbard, Tulsi",D,1,142010
322,HI,02,Kawika,Crowley,kawika crowley,"Crowley, Kawika",R,0,33630
323,HI,02,Joe,Kent,joe kent,"Kent, Joe",OTHER,0,4693
324,ID,01,Raul R.,Labrador,raul labrador,"Labrador, Raul R.",R,1,143580
325,ID,01,Reed C.,McCandless,reed mccandless,"McCandless, Reed C.",OTHER,0,7
326,ID,01,Shirley G.,Ringo,shirley ringo,"Ringo, Shirley G.",D,0,77277
327,ID,02,Mike,Simpson,mike simpson,"Simpson, Mike",R,1,131492
328,ID,02,Richard ,Stallings,richard stallings,"Stallings, Richard ",D,0,82801
329,IL,01,Bobby L.,Rush,bobby rush,"Rush, Bobby L.",D,1,162268
330,IL,01,Jimmy Lee,Tillman,jimmy tillman,"Tillman, Jimmy Lee",R,0,59749
331,IL,02,Robin ,Kelly,robin kelly,"Kelly, Robin ",D,1,160337
332,IL,02,Eric M.,Wallace,eric wallace,"Wallace, Eric M.",R,0,43799
333,IL,02,Marcus,Lewis,marcus lewis,"Wallace, Marcus",OTHER,0,130
334,IL,03,Daniel William ,Lipinski,daniel lipinski,"Lipinski, Daniel William ",D,1,116764
335,IL,03,Sharon M.,Brannigan,sharon brannigan,"Brannigan, Sharon M.",R,0,64091
336,IL,04,Luis V.,Gutierrez,luis gutierrez,"Gutierrez, Luis V.",D,1,79666
337,IL,04,Hector ,Concepcion,hector concepcion,"Concepcion, Hector ",R,0,22278
338,IL,05,Mike,Quigley,mike quigley,"Quigley, Mike",D,1,116364
339,IL,05,Vince,Kolber,vince kolber,"Kolber, Vince",R,0,56350
340,IL,05,Nancy ,Wade,nancy wade,"Wade, Nancy ",OTHER,0,11305
341,IL,06,Peter J. ,Roskam,peter roskam,"Roskam, Peter J. ",R,1,160287
342,IL,06,Michael,Mason,michael mason,"Mason, Michael",D,0,78465
343,IL,07,Danny K.,Davis,danny davis,"Davis, Danny K.",D,1,155110
344,IL,07,Robert L. ,Bumpers,robert bumpers,"Bumpers, Robert L. ",R,0,27168
345,IL,08,Tammy,Duckworth,tammy duckworth,"Duckworth, Tammy",D,1,84178
346,IL,08,Larry,Kaifesh,larry kaifesh,"Kaifesh, Larry",R,0,66878
347,IL,09,Janice D.,Schakowsky,janice schakowsky,"Schakowsky, Janice D.",D,1,141000
348,IL,09,Susanne,Atanus,susanne atanus,"Atanus, Susanne",R,0,72384
349,IL,09,Phil,Collins,phil collins,"Collins, Phil",OTHER,0,66
350,IL,10,Robert,Dold,robert dold,"Dold, Robert",R,0,95992
351,IL,10,Brad,Schneider,brad schneider,"Schneider, Brad",D,1,91136
352,IL,11,Bill ,Foster,bill foster,"Foster, Bill ",D,1,93436
353,IL,11,Darlene,Senger,darlene senger,"Senger, Darlene",R,0,81335
354,IL,11,"Constant ""Connor""",Vlakancic,constant vlakancic,"Vlakancic, Constant ""Connor""",OTHER,0,1
355,IL,12,Mike,Bost,mike bost,"Bost, Mike",R,0,110038
356,IL,12,"William L. ""Bill"" ",Enyart,william enyart,"Enyart, William L. ""Bill"" ",D,1,87860
357,IL,12,Paula,Bradshaw,paula bradshaw,"Bradshaw, Paula",OTHER,0,11840
358,IL,13,Rodney,Davis,rodney davis,"Davis, Rodney",R,1,123337
359,IL,13,Ann E.,Callis,ann callis,"Callis, Ann E.",D,0,86935
360,IL,14,"Randall M. ""Randy"" ",Hultgren,randall hultgren,"Hultgren, Randall M. ""Randy"" ",R,1,145369
361,IL,14,Dennis,Anderson,dennis anderson,"Anderson, Dennis",D,0,76861
362,IL,15,John M.,Shimkus,john shimkus,"Shimkus, John M.",R,1,166274
363,IL,15,Eric,Thorsland,eric thorsland,"Thorsland, Eric",D,0,55652
364,IL,16,Adam ,Kinzinger,adam kinzinger,"Kinzinger, Adam ",R,1,153388
365,IL,16,Randall Wayne ,Olsen,randall olsen,"Olsen, Randall Wayne ",D,0,63810
366,IL,17,Cheri ,Bustos,cheri bustos,"Bustos, Cheri ",D,1,110560
367,IL,17,Bobby,Schilling,bobby schilling,"Schilling, Bobby",R,0,88785
368,IL,17,Bill,Fawell,bill fawell,"Fawell, Bill",OTHER,0,16
369,IL,18,Aaron ,Schock,aaron schock,"Schock, Aaron ",R,1,184363
370,IL,18,Darrel,Miller,darrel miller,"Miller, Darrel",D,0,62377
371,IN,01,Peter J.,Visclosky,peter visclosky,"Visclosky, Peter J.",D,1,86579
372,IN,01,Mark ,Leyva,mark leyva,"Leyva, Mark ",R,0,51000
373,IN,01,Donna T.,Dunn,donna dunn,"Dunn, Donna T.",OTHER,0,4714
374,IN,02,Jackie,Walorski,jackie walorski,"Walorski, Jackie",R,1,85583
375,IN,02,Joe,Bock,joe bock,"Bock, Joe",D,0,55590
376,IN,02,Jeff,Petermann,jeff petermann,"Petermann, Jeff",OTHER,0,4027
377,IN,03,Marlin A.,Stutzman,marlin stutzman,"Stutzman, Marlin A.",R,1,102889
378,IN,03,Justin ,Kuhnle,justin kuhnle,"Kuhnle, Justin ",D,0,39771
379,IN,03,Scott,Wise,scott wise,"Wise, Scott",OTHER,0,6133
380,IN,04,Todd,Rokita,todd rokita,"Rokita, Todd",R,1,94998
381,IN,04,John ,Dale,john dale,"Dale, John ",D,0,47056
382,IN,05,Susan ,Brooks,susan brooks,"Brooks, Susan ",R,1,105277
383,IN,05,Shawn A.,Denney,shawn denney,"Denney, Shawn A.",D,0,49756
384,IN,05,John,Krom,john krom,"Krom, John",OTHER,0,6407
385,IN,06,Luke,Messer,luke messer,"Messer, Luke",R,1,102187
386,IN,06,Susan Hall,Heitzman,susan heitzman,"Heitzman, Susan Hall",D,0,45509
387,IN,06,Eric,Miller,eric miller,"Miller, Eric",OTHER,0,7375
388,IN,07,André ,Carson,andré carson,"Carson, André ",D,1,61443
389,IN,07,Catherine (Cat),Ping,catherine ping,"Ping, Catherine (Cat)",R,0,46887
390,IN,07,Chris,Mayo,chris mayo,"Mayo, Chris",OTHER,0,3931
391,IN,08,Larry D.,Bucshon,larry bucshon,"Bucshon, Larry D.",R,1,103344
392,IN,08,Tom ,Spangler,tom spangler,"Spangler, Tom ",D,0,61384
393,IN,08,Andrew,Horning,andrew horning,"Horning, Andrew",OTHER,0,6587
394,IN,09,Todd,Young,todd young,"Young, Todd",R,1,101594
395,IN,09,Bill,Bailey,bill bailey,"Bailey, Bill",D,0,55016
396,IN,09,R. Mike,Frey,r. frey,"Frey, R. Mike",OTHER,0,5777
397,IA,01,Rod,Blum,rod blum,"Blum, Rod",R,0,147762
398,IA,01,Pat,Murphy,pat murphy,"Murphy, Pat",D,0,141145
399,IA,02,Dave,Loebsack,dave loebsack,"Loebsack, Dave",D,1,143431
400,IA,02,Mariannette ,Miller-Meeks,mariannette miller-meeks,"Miller-Meeks, Mariannette ",R,0,129455
401,IA,03,David,Young,david young,"Young, David",R,0,148814
402,IA,03,Staci,Appel,staci appel,"Appel, Staci",D,0,119109
403,IA,03,Edward B.,Wright,edward wright,"Wright, Edward B.",OTHER,0,9054
404,IA,03,Bryan Jack,Holder,bryan holder,"Holder, Bryan Jack",OTHER,0,4360
405,IA,04,Steve ,King,steve king,"King, Steve ",R,1,169834
406,IA,04,Jim,Mowrer,jim mowrer,"Mowrer, Jim",D,0,105504
407,KS,01,Tim,Huelskamp,tim huelskamp,"Huelskamp, Tim",OTHER,1,138764
408,KS,01,James E.,Sherow,james sherow,"Sherow, James E.",D,0,65397
409,KS,02,Lynn,Jenkins,lynn jenkins,"Jenkins, Lynn",OTHER,1,128742
410,KS,02,Margie,Wakefield,margie wakefield,"Wakefield, Margie",D,0,87153
411,KS,02,Christopher ,Clemmons,christopher clemmons,"Clemmons, Christopher",OTHER,0,9791
412,KS,03,Kevin,Yoder,kevin yoder,"Yoder, Kevin",OTHER,1,134493
413,KS,03,Kelly,Kultala,kelly kultala,"Kultala, Kelly",D,0,89584
414,KS,04,Mike,Pompeo,mike pompeo,"Pompeo, Mike",R,1,138757
415,KS,04,Perry L.,Schuckman,perry schuckman,"Schuckman, Perry L.",D,0,69396
416,KY,01,Ed,Whitfield,ed whitfield,"Whitfield, Ed",R,1,173022
417,KY,01,Charles Kendall,Hatchett,charles hatchett,"Hatchett, Charles Kendall",D,0,63596
418,KY,02,S. Brett,Guthrie,s. guthrie,"Guthrie, S. Brett",R,1,156936
419,KY,02,Ron,Leach,ron leach,"Leach, Ron",D,0,69898
420,KY,03,John A.,Yarmuth,john yarmuth,"Yarmuth, John A.",D,1,157056
421,KY,03,Michael,Macfarlane,michael macfarlane,"Macfarlane, Michael",R,0,87981
422,KY,03,Gregory Peter,Puccetti,gregory puccetti,"Puccetti, Gregory Peter",OTHER,0,2318
423,KY,04,Thomas,Massie,thomas massie,"Massie, Thomas",R,1,150464
424,KY,04,Peter,Newberry,peter newberry,"Newberry, Peter",D,0,71694
425,KY,05,"Harold ""Hal"" ",Rogers,harold rogers,"Rogers, Harold ""Hal"" ",R,1,171350
426,KY,05,Kenneth S. ,Stepp,kenneth stepp,"Stepp, Kenneth S. ",D,0,47617
427,KY,06,Andy,Barr,andy barr,"Barr, Andy",R,1,147404
428,KY,06,Elisabeth,Jensen,elisabeth jensen,"Jensen, Elisabeth",D,0,98290
429,LA,01,Steve,Scalise,steve scalise,"Scalise, Steve",R,1,189250
430,LA,01,"M.V. ""Vinny""",Mendoza,m.v. mendoza,"Mendoza, M.V. ""Vinny""",D,0,24761
431,LA,01,Lee A.,Dugas,lee dugas,"Dugas, Lee A.",D,0,21286
432,LA,01,"Jeffry ""Jeff""",Sanford,jeffry sanford,"Sanford, Jeffry ""Jeff""",OTHER,0,8707
433,LA,02,Cedric,Richmond,cedric richmond,"Richmond, Cedric",D,1,152201
434,LA,02,Gary,Landrieu,gary landrieu,"Landrieu, Gary",D,0,37805
435,LA,02,David,Brooks,david brooks,"Brooks, David",OTHER,0,16327
436,LA,02,Samuel,Davenport,samuel davenport,"Davenport, Samuel",OTHER,0,15237
437,LA,03,"Charles W., Jr.",Boustany,charles boustany,"Boustany, Charles W., Jr.",R,1,185867
438,LA,03,Russell,Richard,russell richard,"Richard, Russell",OTHER,0,28342
439,LA,03,Bryan,Barrilleaux,bryan barrilleaux,"Barrilleaux, Bryan",R,0,22059
440,LA,04,John,Fleming,john fleming,"Fleming, John",R,1,152683
441,LA,04,Randall,Lord,randall lord,"Lord, Randall",OTHER,0,55236
442,LA,05,Ralph Lee,Abraham,ralph abraham,"Abraham, Ralph Lee",R,0,55489
443,LA,05,"""Jamie""",Mayo,"""jamie"" mayo","Mayo, ""Jamie""",D,0,67611
444,LA,05,"""Zach""",Dasher,"""zach"" dasher","Dasher, ""Zach""",R,0,53628
445,LA,05,Vance M.,McAllister,vance mcallister,"McAllister, Vance M.",R,1,26606
446,LA,05,Clyde C.,Holloway,clyde holloway,"Holloway, Clyde C.",R,0,17877
447,LA,05,Harris,Brown,harris brown,"Brown, Harris",R,0,9890
448,LA,05,"""Ed""",Tarpley,"""ed"" tarpley","Tarpley, ""Ed""",R,0,4594
449,LA,05,Charles,Saucier,charles saucier,"Saucier, Charles",OTHER,0,2201
450,LA,05,Eliot S.,Barron,eliot barron,"Barron, Eliot S.",OTHER,0,1655
451,LA,06,Garret,Graves,garret graves,"Graves, Garret",R,0,70715
452,LA,06,Edwin,Edwards,edwin edwards,"Edwards, Edwin",D,0,77866
453,LA,06,"Paul, II",Dietzel,"paul, dietzel","Dietzel, Paul, II",R,0,35024
454,LA,06,"""Dan""",Claitor,"""dan"" claitor","Claitor, ""Dan""",R,0,26524
455,LA,06,Lenar,Whitney,lenar whitney,"Whitney, Lenar",R,0,19151
456,LA,06,Richard,Lieberman,richard lieberman,"Lieberman, Richard",D,0,7309
457,LA,06,Craig,McCulloch,craig mcculloch,"McCulloch, Craig",R,0,5815
458,LA,06,"Robert Lamar ""Bob""",Bell,robert bell,"Bell, Robert Lamar ""Bob""",R,0,5182
459,LA,06,Peter,Williams,peter williams,"Williams, Peter",D,0,4037
460,LA,06,"Rufus Holt, Jr.",Craig,rufus craig,"Craig, Rufus Holt, Jr.",OTHER,0,3561
461,LA,06,"Norman ""Norm""",Clark,norman clark,"Clark, Norman ""Norm""",R,0,1848
462,LA,06,"""Trey""",Thomas,"""trey"" thomas","Thomas, ""Trey""",R,0,1447
463,ME,01,Chellie,Pingree,chellie pingree,"Pingree, Chellie",D,1,186674
464,ME,01,Isaac J. ,Misiuk,isaac misiuk,"Misiuk, Isaac J. ",R,0,94751
465,ME,01,Richard P.,Murphy,richard murphy,"Murphy, Richard P.",OTHER,0,27410
466,ME,02,Bruce ,Poliquin,bruce poliquin,"Poliquin, Bruce ",R,0,133308
467,ME,02,Emily Ann,Cain,emily cain,"Cain, Emily Ann",D,0,118556
468,ME,02,Blaine,Richardson,blaine richardson,"Richardson, Blaine",OTHER,0,31336
469,MD,01,Andy,Harris,andy harris,"Harris, Andy",R,1,176342
470,MD,01,Bill,Tilghman,bill tilghman,"Tilghman, Bill",D,0,73843
471,MD,02,C. A. Dutch ,Ruppersberger,c. ruppersberger,"Ruppersberger, C. A. Dutch ",D,1,120412
472,MD,02,David ,Banach,david banach,"Banach, David ",R,0,70411
473,MD,02,Ian,Schlakman,ian schlakman,"Schlakman, Ian",OTHER,0,5326
474,MD,03,John ,Sarbanes,john sarbanes,"Sarbanes, John ",D,1,128594
475,MD,03,Charles A.,Long,charles long,"Long, Charles A.",R,0,87029
476,MD,04,Donna F. ,Edwards,donna edwards,"Edwards, Donna F. ",D,1,134628
477,MD,04,Nancy ,Hoyt,nancy hoyt,"Hoyt, Nancy ",R,0,54217
478,MD,04,Arvin,Vohra,arvin vohra,"Vohra, Arvin",OTHER,0,2795
479,MD,05,Steny H. ,Hoyer,steny hoyer,"Hoyer, Steny H. ",D,1,144725
480,MD,05,Chris,Chaffee,chris chaffee,"Chaffee, Chris",R,0,80752
481,MD,05,Dennis L.,Fritz,dennis fritz,"Fritz, Dennis L.",OTHER,0,227
482,MD,06,John K.,Delaney,john delaney,"Delaney, John K.",D,1,94704
483,MD,06,Dan ,Bongino,dan bongino,"Bongino, Dan ",R,0,91930
484,MD,06,George,Gluck,george gluck,"Gluck, George",OTHER,0,3762
485,MD,07,Elijah,Cummings,elijah cummings,"Cummings, Elijah",D,1,144639
486,MD,07,Carrogan R. ,Vaughn,carrogan vaughn,"Vaughn, Carrogan R. ",R,0,55860
487,MD,07,Scott,Soffen,scott soffen,"Soffen, Scott",OTHER,0,6103
488,MD,08,Chris ,Van Hollen,chris van hollen,"Van Hollen, Chris ",D,1,136722
489,MD,08,Lih,Young,lih young,"Young, Lih",OTHER,0,16
490,MD,08,Dave,Wallace,dave wallace,"Wallace, Dave",R,0,87859
491,MD,08,Andrew Jaye,Wildman,andrew wildman,"Wildman, Andrew Jaye",OTHER,0,102
492,MA,01,Richard E.,Neal,richard neal,"Neal, Richard E.",D,1,167612
493,MA,02,James P.,McGovern,james mcgovern,"McGovern, James P.",D,1,169640
494,MA,03,Nicola S.,Tsongas,nicola tsongas,"Tsongas, Nicola S.",D,1,139104
495,MA,03,Roseann L. Ehrhard ,Wofford,roseann wofford,"Wofford, Roseann L. Ehrhard ",R,0,81638
496,MA,04,"Joseph P., III",Kennedy,joseph kennedy,"Kennedy, Joseph P., III",D,1,184158
497,MA,05,Katherine M.,Clark,katherine clark,"Clark, Katherine M.",D,1,182100
498,MA,05,William F.,Wilt,william wilt,"Wilt, William F.",OTHER,0,1
499,MA,06,Seth W.,Moulton,seth moulton,"Moulton, Seth W.",D,0,149638
500,MA,06,Richard R.,Tisei,richard tisei,"Tisei, Richard R.",R,0,111989
501,MA,06,Christopher J. ,Stockwell,christopher stockwell,"Stockwell, Christopher J. ",OTHER,0,10373
502,MA,07,Michael E.,Capuano,michael capuano,"Capuano, Michael E.",D,1,142133
503,MA,08,Stephen F. ,Lynch,stephen lynch,"Lynch, Stephen F. ",D,1,200644
504,MA,09,William Richard ,Keating,william keating,"Keating, William Richard ",D,1,140413
505,MA,09,John C.,Chapman,john chapman,"Chapman, John C.",R,0,114971
506,MI,01,Dan,Benishek,dan benishek,"Benishek, Dan",R,1,130414
507,MI,01,Jerry,Cannon,jerry cannon,"Cannon, Jerry",D,0,113263
508,MI,01,Loel Robert,Gnadt,loel gnadt,"Gnadt, Loel Robert",OTHER,0,3823
509,MI,01,Ellis,Boal,ellis boal,"Boal, Ellis",OTHER,0,2631
510,MI,02,Bill,Huizenga,bill huizenga,"Huizenga, Bill",R,1,135568
511,MI,02,Dean,Vanderstelt,dean vanderstelt,"Vanderstelt, Dean",D,0,70851
512,MI,02,"Ronald, II",Welch,"ronald, welch","Welch, Ronald, II",OTHER,0,3877
513,MI,02,Ronald E.,Graeser,ronald graeser,"Graeser, Ronald E.",OTHER,0,2776
514,MI,03,Justin,Amash,justin amash,"Amash, Justin",R,1,125754
515,MI,03,Bob,Goodrich,bob goodrich,"Goodrich, Bob",D,0,84720
516,MI,03,Tonya,Duncan,tonya duncan,"Duncan, Tonya",OTHER,0,6691
517,MI,04,John,Moolenaar,john moolenaar,"Moolenaar, John",R,0,123962
518,MI,04,Jeff,Holmes,jeff holmes,"Holmes, Jeff",D,0,85777
519,MI,04,George M.,Zimmer,george zimmer,"Zimmer, George M.",OTHER,0,4990
520,MI,04,Will Tyler,White,will white,"White, Will Tyler",OTHER,0,4694
521,MI,05,Daniel T.,Kildee,daniel kildee,"Kildee, Daniel T.",D,1,148182
522,MI,05,Allen,Hardwick,allen hardwick,"Hardwick, Allen",R,0,69222
523,MI,05,Harold H.,Jones,harold jones,"Jones, Harold H.",OTHER,0,4734
524,MI,06,Fred,Upton,fred upton,"Upton, Fred",R,1,116801
525,MI,06,Paul,Clements,paul clements,"Clements, Paul",D,0,84391
526,MI,06,John M. ,Lawrence,john lawrence,"Lawrence, John M. ",OTHER,0,2254
527,MI,06,Erwin J.,Hass,erwin hass,"Hass, Erwin J.",OTHER,0,5530
528,MI,07,Tim,Walberg,tim walberg,"Walberg, Tim",R,1,119564
529,MI,07,Pam,Byrnes,pam byrnes,"Byrnes, Pam",D,0,92083
530,MI,07,Ken,Proctor,ken proctor,"Proctor, Ken",OTHER,0,4531
531,MI,07,David,Swartout,david swartout,"Swartout, David",OTHER,0,4369
532,MI,07,Rick,Strawcutter,rick strawcutter,"Strawcutter, Rick",OTHER,0,3138
533,MI,08,Mike,Bishop,mike bishop,"Bishop, Mike",R,0,132739
534,MI,08,Eric,Schertzing,eric schertzing,"Schertzing, Eric",D,0,102269
535,MI,08,"James, II",Weeks,"james, weeks","Weeks, James, II",OTHER,0,4557
536,MI,08,Jim,Casha,jim casha,"Casha, Jim",OTHER,0,1880
537,MI,08,Jeremy,Burgess,jeremy burgess,"Burgess, Jeremy",OTHER,0,1680
538,MI,09,Sander,Levin,sander levin,"Levin, Sander",D,1,136342
539,MI,09,George,Brikho,george brikho,"Brikho, George",R,0,81470
540,MI,09,Gregory,Creswell,gregory creswell,"Creswell, Gregory",OTHER,0,4792
541,MI,09,John V.,McDermott,john mcdermott,"McDermott, John V.",OTHER,0,3153
542,MI,10,Candice S.,Miller,candice miller,"Miller, Candice S.",R,1,157069
543,MI,10,Chuck,Stadler,chuck stadler,"Stadler, Chuck",D,0,67143
544,MI,10,Harley,Mikkelson,harley mikkelson,"Mikkelson, Harley",OTHER,0,4480
545,MI,11,Dave,Trott,dave trott,"Trott, Dave",R,0,140435
546,MI,11,Bobby,McKenzie,bobby mckenzie,"McKenzie, Bobby",D,0,101681
547,MI,11,John J.,Tatar,john tatar,"Tatar, John J.",OTHER,0,7711
548,MI,11,Kerry Lynn,Bentivolio,kerry bentivolio,"Bentivolio, Kerry Lynn",OTHER,1,1411
549,MI,12,Debbie,Dingell,debbie dingell,"Dingell, Debbie",D,0,134346
550,MI,12,Terry,Bowman,terry bowman,"Bowman, Terry",R,0,64716
551,MI,12,Gary,Walkowicz,gary walkowicz,"Walkowicz, Gary",OTHER,0,5039
552,MI,12,Bhagwan,Dashairya,bhagwan dashairya,"Dashairya, Bhagwan",OTHER,0,2559
553,MI,13,"John, Jr.",Conyers,"john, conyers","Conyers, John, Jr.",D,1,132710
554,MI,13,Jeff ,Gorman,jeff gorman,"Gorman, Jeff ",R,0,27234
555,MI,13,Chris,Sharer,chris sharer,"Sharer, Chris",OTHER,0,3537
556,MI,13,Sam,Johnson,sam johnson,"Johnson, Sam",OTHER,0,3466
557,MI,14,Brenda,Lawrence,brenda lawrence,"Lawrence, Brenda",D,0,165272
558,MI,14,Christina L.,Barr,christina barr,"Barr, Christina L. #",R,0,41801
559,MI,14,Christina ,Conyers,christina conyers,"Conyers, Christina #",R,0,#
560,MI,14,Leonard,Schwartz,leonard schwartz,"Schwartz, Leonard",OTHER,0,3366
561,MI,14,Stephen,Boyle,stephen boyle,"Boyle, Stephen",OTHER,0,1999
562,MI,14,Calvin,Pruden,calvin pruden,"Pruden, Calvin",OTHER,0,30
563,MN,01,Tim,Walz,tim walz,"Walz, Tim",OTHER,1,122851
564,MN,01,Jim,Hagedorn,jim hagedorn,"Hagedorn, Jim",R,0,103536
565,MN,02,John,Kline,john kline,"Kline, John",R,1,137778
566,MN,02,Mike,Obermueller,mike obermueller,"Obermueller, Mike",OTHER,0,95565
567,MN,02,Paula,Overby,paula overby,"Overby, Paula",OTHER,0,12319
568,MN,03,Erik,Paulsen,erik paulsen,"Paulsen, Erik",R,1,167515
569,MN,03,Sharon,Sund,sharon sund,"Sund, Sharon",OTHER,0,101846
570,MN,04,Betty,McCollum,betty mccollum,"McCollum, Betty",OTHER,1,147857
571,MN,04,Sharna,Wahlgren,sharna wahlgren,"Wahlgren, Sharna",R,0,79492
572,MN,04,Dave,Thomas,dave thomas,"Thomas, Dave",OTHER,0,14059
573,MN,05,Keith,Ellison,keith ellison,"Ellison, Keith",OTHER,1,167079
574,MN,05,Doug,Daggett,doug daggett,"Daggett, Doug",R,0,56577
575,MN,05,Lee,Bauer,lee bauer,"Bauer, Lee",OTHER,0,12001
576,MN,06,Tom,Emmer,tom emmer,"Emmer, Tom",R,0,133328
577,MN,06,Joe,Perske,joe perske,"Perske, Joe",OTHER,0,90926
578,MN,06,John,Denney,john denney,"Denney, John",OTHER,0,12457
579,MN,07,Collin C.,Peterson,collin peterson,"Peterson, Collin C.",OTHER,1,130546
580,MN,07,Torrey,Westrom,torrey westrom,"Westrom, Torrey",R,0,109955
581,MN,08,Rick,Nolan,rick nolan,"Nolan, Rick",OTHER,1,129090
582,MN,08,Stewart,Mills,stewart mills,"Mills, Stewart",R,0,125358
583,MN,08,Ray Skip,Sandman,ray sandman,"Sandman, Ray Skip",OTHER,0,11450
584,MS,01,Alan,Nunnelee,alan nunnelee,"Nunnelee, Alan",R,1,102622
585,MS,01,Ron E. ,Dickey,ron dickey,"Dickey, Ron E. ",D,0,43713
586,MS,01,Danny,Bedwell,danny bedwell,"Bedwell, Danny",OTHER,0,3830
587,MS,01,Lajena,Walley,lajena walley,"Walley, Lajena",OTHER,0,946
588,MS,02,Bennie G.,Thompson,bennie thompson,"Thompson, Bennie G.",D,1,100688
589,MS,02,Troy,Ray,troy ray,"Ray, Troy",OTHER,0,36465
590,MS,02,Shelley,Shoemake,shelley shoemake,"Shoemake, Shelley",OTHER,0,11493
591,MS,03,Gregg,Harper,gregg harper,"Harper, Gregg",R,1,117771
592,MS,03,Douglas MacArthur (Doug),Magee,douglas magee,"Magee, Douglas MacArthur (Doug)",D,0,47744
593,MS,03,Roger,Gerrard,roger gerrard,"Gerrard, Roger",OTHER,0,3890
594,MS,03,Barbara Dale,Washer,barbara washer,"Washer, Barbara Dale",OTHER,0,1541
595,MS,04,Steven McCarty,Palazzo,steven palazzo,"Palazzo, Steven McCarty",R,1,108776
596,MS,04,Matt,Moore,matt moore,"Moore, Matt",D,0,37869
597,MS,04,Cindy,Burleson,cindy burleson,"Burleson, Cindy",OTHER,0,3684
598,MS,04,Joey,Robinson,joey robinson,"Robinson, Joey",OTHER,0,3473
599,MS,04,Eli,Jackson,eli jackson,"Jackson, Eli",OTHER,0,917
600,MS,04,Ed,Reich,ed reich,"Reich, Ed",OTHER,0,857
601,MO,01,Lacy ,Clay,lacy clay,"Clay, Lacy ",D,1,119315
602,MO,01,Daniel J.,Elder,daniel elder,"Elder, Daniel J.",R,0,35273
603,MO,01,Robb E.,Cunningham,robb cunningham,"Cunningham, Robb E.",OTHER,0,8906
604,MO,02,Ann,Wagner,ann wagner,"Wagner, Ann",R,1,148191
605,MO,02,Arthur ,Lieber,arthur lieber,"Lieber, Arthur ",D,0,75384
606,MO,02,Bill,Slantz,bill slantz,"Slantz, Bill",OTHER,0,7542
607,MO,03,Blaine,Luetkemeyer,blaine luetkemeyer,"Luetkemeyer, Blaine",R,1,130940
608,MO,03,Courtney ,Denton,courtney denton,"Denton, Courtney ",D,0,52021
609,MO,03,Steven,Hedrick,steven hedrick,"Hedrick, Steven",OTHER,0,8593
610,MO,03,Harold,Davis,harold davis,"Davis, Harold",OTHER,0,66
611,MO,04,Vicky ,Hartzler,vicky hartzler,"Hartzler, Vicky ",R,1,120014
612,MO,04,Nate ,Irvin,nate irvin,"Irvin, Nate ",D,0,46464
613,MO,04,Herschel L.,Young,herschel young,"Young, Herschel L.",OTHER,0,9793
614,MO,04,Gregory A.,Cowan,gregory cowan,"Cowan, Gregory A.",OTHER,0,15
615,MO,05,"Emanuel, II",Cleaver,"emanuel, cleaver","Cleaver, Emanuel, II",D,1,79256
616,MO,05,Jacob ,Turk,jacob turk,"Turk, Jacob ",R,0,69071
617,MO,05,Roy,Welborn,roy welborn,"Welborn, Roy",OTHER,0,5308
618,MO,06,Sam ,Graves,sam graves,"Graves, Sam ",R,1,124616
619,MO,06,W.A. (Bill),Hedge,w.a. hedge,"Hedge, W.A. (Bill)",D,0,55157
620,MO,06,Russ,Monchil,russ monchil,"Monchil, Russ",OTHER,0,7197
621,MO,07,Billy,Long,billy long,"Long, Billy",R,1,104054
622,MO,07,Jim,Evans,jim evans,"Evans, Jim",D,0,47282
623,MO,07,Kevin,Craig,kevin craig,"Craig, Kevin",OTHER,0,12584
624,MO,07,Nikolas,Bruce,nikolas bruce,"Bruce, Nikolas",OTHER,0,32
625,MO,07,John C.,Hagerty,john hagerty,"Hagerty, John C.",OTHER,0,3
626,MO,07,Martin,Lindstedt,martin lindstedt,"Lindstedt, Martin",OTHER,0,2
627,MO,08,Jason ,Smith,jason smith,"Smith, Jason ",R,1,106124
628,MO,08,Barbara,Stocker,barbara stocker,"Stocker, Barbara",D,0,38721
629,MO,08,Terry,Hampton,terry hampton,"Hampton, Terry",OTHER,0,6821
630,MO,08,Doug,Enyart,doug enyart,"Enyart, Doug",OTHER,0,3799
631,MO,08,Rick ,Vandeven,rick vandeven,"Vandeven, Rick ",OTHER,0,3759
632,MT,00,Ryan,Zinke,ryan zinke,"Zinke, Ryan",R,0,203871
633,MT,00,John ,Lewis,john lewis,"Lewis, John ",D,0,148690
634,MT,00,Mike,Fellows,mike fellows,"Fellows, Mike",OTHER,0,15402
635,NE,01,Jeff,Fortenberry,jeff fortenberry,"Fortenberry, Jeff",R,1,123219
636,NE,01,Dennis P.,Crawford,dennis crawford,"Crawford, Dennis P.",D,0,55838
637,NE,02,Brad ,Ashford,brad ashford,"Ashford, Brad ",D,0,83872
638,NE,02,Lee,Terry,lee terry,"Terry, Lee",R,1,78157
639,NE,02,Steven,Laird,steven laird,"Laird, Steven",OTHER,0,9021
640,NE,03,Adrian,Smith,adrian smith,"Smith, Adrian",R,1,139440
641,NE,03,Mark ,Sullivan,mark sullivan,"Sullivan, Mark ",D,0,45524
642,NV,01,Dina,Titus,dina titus,"Titus, Dina",D,1,45643
643,NV,01,Annette,Teijeiro,annette teijeiro,"Teijeiro, Annette",R,0,30413
644,NV,01,"Richard ""Ricardo Carlos""",Charles,richard charles,"Charles, Richard ""Ricardo Carlos""",OTHER,0,2617
645,NV,01,Kamau,Bakari,kamau bakari,"Bakari, Kamau",OTHER,0,1626
646,NV,02,Mark E.,Amodei,mark amodei,"Amodei, Mark E.",R,1,122402
647,NV,02,Kristen ,Spees,kristen spees,"Spees, Kristen ",D,0,52016
648,NV,02,Janine,Hansen,janine hansen,"Hansen, Janine",OTHER,0,11792
649,NV,03,Joe,Heck,joe heck,"Heck, Joe",R,1,88528
650,NV,03,Erin,Bilbray,erin bilbray,"Bilbray, Erin",D,0,52644
651,NV,03,David,Goossen,david goossen,"Goossen, David",OTHER,0,1637
652,NV,03,Randy,Kimmick,randy kimmick,"Kimmick, Randy",OTHER,0,1566
653,NV,03,Steven,St. John,steven st. john,"St. John, Steven",OTHER,0,1344
654,NV,04,Cresent,Hardy,cresent hardy,"Hardy, Cresent",R,0,63466
655,NV,04,Steven A.,Horsford,steven horsford,"Horsford, Steven A.",D,1,59844
656,NV,04,Steve ,Brown,steve brown,"Brown, Steve ",OTHER,0,4119
657,NV,04,Russell,Best,russell best,"Best, Russell",OTHER,0,3352
658,NH,01,Frank C.,Guinta,frank guinta,"Guinta, Frank C.",R,0,125508
659,NH,01,Carol,Shea-Porter,carol shea-porter,"Shea-Porter, Carol",D,1,116769
660,NH,02,Ann McLane,Kuster,ann kuster,"Kuster, Ann McLane",D,1,130700
661,NH,02,Marilinda,Garcia,marilinda garcia,"Garcia, Marilinda",R,0,106871
662,NJ,01 - FULL TERM,Donald W. ,Norcross,donald norcross,"Norcross, Donald W. ",D,0,93315
663,NJ,01 - FULL TERM,Garry W.,Cobb,garry cobb,"Cobb, Garry W.",R,0,64073
664,NJ,01 - FULL TERM,Scot John,Tomaszewski,scot tomaszewski,"Tomaszewski, Scot John",OTHER,0,1784
665,NJ,01 - FULL TERM,Robert,Shapiro,robert shapiro,"Shapiro, Robert",OTHER,0,1134
666,NJ,01 - FULL TERM,Margaret M.,Chapman,margaret chapman,"Chapman, Margaret M.",OTHER,0,1103
667,NJ,01 - FULL TERM,Mike,Berman,mike berman,"Berman, Mike",OTHER,0,634
668,NJ,01 - FULL TERM,Donald E.,Letton,donald letton,"Letton, Donald E.",OTHER,0,449
669,NJ,01 - UNEXPIRED TERM,Donald W.,Norcross,donald norcross,"Norcross, Donald W.",D,0,92786
670,NJ,01 - UNEXPIRED TERM,Garry W.,Cobb,garry cobb,"Cobb, Garry W.",OTHER,0,63727
671,NJ,01 - UNEXPIRED TERM,Scot John,Tomaszewski,scot tomaszewski,"Tomaszewski, Scot John",OTHER,0,2373
672,NJ,01 - UNEXPIRED TERM,Robert ,Shapiro,robert shapiro,"Shapiro, Robert ",OTHER,0,1647
673,NJ,01 - UNEXPIRED TERM,Donald E.,Letton,donald letton,"Letton, Donald E.",OTHER,0,742
674,NJ,02,Frank A. ,LoBiondo,frank lobiondo,"LoBiondo, Frank A. ",R,1,108875
675,NJ,02,"William J., Jr.",Hughes,william hughes,"Hughes, William J., Jr.",D,0,66026
676,NJ,02,Alexander H.,Spano,alexander spano,"Spano, Alexander H.",OTHER,0,663
677,NJ,02,Gary,Stein,gary stein,"Stein, Gary",OTHER,0,612
678,NJ,02,Constantino,Rozzo,constantino rozzo,"Rozzo, Constantino",OTHER,0,501
679,NJ,02,Bayode,Olabisi,bayode olabisi,"Olabisi, Bayode",OTHER,0,471
680,NJ,03,Tom,MacArthur,tom macarthur,"MacArthur, Tom",R,0,100471
681,NJ,03,Aimee,Belgard,aimee belgard,"Belgard, Aimee",D,0,82537
682,NJ,03,Frederick John,LaVergne,frederick lavergne,"LaVergne, Frederick John",OTHER,0,3095
683,NJ,04,Christopher H.,Smith,christopher smith,"Smith, Christopher H.",R,1,118826
684,NJ,04,Ruben M. ,Scolavino,ruben scolavino,"Scolavino, Ruben M. ",D,0,54415
685,NJ,04,Scott,Neuman,scott neuman,"Neuman, Scott",OTHER,0,1608
686,NJ,05,Scott,Garrett,scott garrett,"Garrett, Scott",R,1,104678
687,NJ,05,Roy,Cho,roy cho,"Cho, Roy",D,0,81808
688,NJ,05,Mark D.,Quick,mark quick,"Quick, Mark D.",OTHER,0,2435
689,NJ,06,"Frank , Jr.",Pallone,frank pallone,"Pallone, Frank , Jr.",D,1,72190
690,NJ,06,Anthony E.,Wilkinson,anthony wilkinson,"Wilkinson, Anthony E.",R,0,46891
691,NJ,06,Dorit,Goikhman,dorit goikhman,"Goikhman, Dorit",OTHER,0,1376
692,NJ,07,Leonard,Lance,leonard lance,"Lance, Leonard",R,1,104287
693,NJ,07,Janice ,Kovach,janice kovach,"Kovach, Janice ",D,0,68232
694,NJ,07,James,Gawron,james gawron,"Gawron, James",OTHER,0,3478
695,NJ,08,Albio,Sires,albio sires,"Sires, Albio",D,1,61510
696,NJ,08,Jude Anthony ,Tiscornia,jude tiscornia,"Tiscornia, Jude Anthony ",R,0,15141
697,NJ,08,Herbert H.,Shaw,herbert shaw,"Shaw, Herbert H.",OTHER,0,1192
698,NJ,08,Pablo,Olivera,pablo olivera,"Olivera, Pablo",OTHER,0,1022
699,NJ,08,Robert,Thorne,robert thorne,"Thorne, Robert",OTHER,0,653
700,NJ,09,"Bill, Jr.",Pascrell,"bill, pascrell","Pascrell, Bill, Jr.",D,1,82498
701,NJ,09,Dierdre G.,Paul,dierdre paul,"Paul, Dierdre G.",R,0,36246
702,NJ,09,Nestor,Montilla,nestor montilla,"Montilla, Nestor",OTHER,0,1715
703,NJ,10,"Donald M., Jr.",Payne,donald payne,"Payne, Donald M., Jr.",D,1,95734
704,NJ,10,Yolanda ,Dentley,yolanda dentley,"Dentley, Yolanda ",R,0,14154
705,NJ,10,Gwendolyn A.,Franklin,gwendolyn franklin,"Franklin, Gwendolyn A.",OTHER,0,1237
706,NJ,10,Dark,Angel,dark angel,"Angel, Dark",OTHER,0,998
707,NJ,11,Rodney P.,Frelinghuysen,rodney frelinghuysen,"Frelinghuysen, Rodney P.",R,1,109455
708,NJ,11,Mark,Dunec,mark dunec,"Dunec, Mark",D,0,65477
709,NJ,12,Bonnie Watson,Coleman,bonnie coleman,"Coleman, Bonnie Watson",D,0,90430
710,NJ,12,Alieta,Eck,alieta eck,"Eck, Alieta",R,0,54168
711,NJ,12,Don,DeZarn,don dezarn,"DeZarn, Don",OTHER,0,1330
712,NJ,12,Steven,Welzer,steven welzer,"Welzer, Steven",OTHER,0,890
713,NJ,12,Kenneth J.,Cody,kenneth cody,"Cody, Kenneth J.",OTHER,0,567
714,NJ,12,Jack,Freudenheim,jack freudenheim,"Freudenheim, Jack",OTHER,0,531
715,NJ,12,Allen J.,Cannon,allen cannon,"Cannon, Allen J.",OTHER,0,450
716,NM,01,Michelle,Lujan Grisham,michelle lujan grisham,"Lujan Grisham, Michelle",D,1,105474
717,NM,01,Michael H.,Frese,michael frese,"Frese, Michael H.",R,0,74558
718,NM,02,Steve ,Pearce,steve pearce,"Pearce, Steve ",R,1,95209
719,NM,02,"Roxanne ""Rocky""",Lara,roxanne lara,"Lara, Roxanne ""Rocky""",D,0,52499
720,NM,02,Jack A.,McGrann,jack mcgrann,"McGrann, Jack A.",OTHER,0,69
721,NM,03,Ben R.,Lujan,ben lujan,"Lujan, Ben R.",D,1,113249
722,NM,03,Jefferson L. ,Byrd,jefferson byrd,"Byrd, Jefferson L. ",R,0,70775
723,NM,03,Thomas F.,Hook,thomas hook,"Hook, Thomas F.",OTHER,0,52
724,NY,01,Lee M.,Zeldin,lee zeldin,"Zeldin, Lee M.",OTHER,0,16973
725,NY,01,Lee M.,Zeldin,lee zeldin,"Zeldin, Lee M.",R,0,77062
726,NY,01,Timothy H.,Bishop,timothy bishop,"Bishop, Timothy H.",D,1,68387
727,NY,01,Timothy H.,Bishop,timothy bishop,"Bishop, Timothy H.",OTHER,1,4878
728,NY,01,Timothy H.,Bishop,timothy bishop,"Bishop, Timothy H.",OTHER,1,5457
729,NY,02,Peter T.,King,peter king,"King, Peter T.",OTHER,1,76659
730,NY,02,Peter T.,King,peter king,"King, Peter T.",OTHER,1,13789
731,NY,02,Peter T.,King,peter king,"King, Peter T.",OTHER,1,4729
732,NY,02,Patricia,Maher,patricia maher,"Maher, Patricia",OTHER,0,41814
733,NY,02,William D.,Stevenson,william stevenson,"Stevenson, William D.",OTHER,0,2281
734,NY,03,Steve J.,Israel,steve israel,"Israel, Steve J.",D,1,80393
735,NY,03,Steve J.,Israel,steve israel,"Israel, Steve J.",OTHER,1,4448
736,NY,03,Steve J.,Israel,steve israel,"Israel, Steve J.",OTHER,1,5191
737,NY,03,Grant M.,Lally,grant lally,"Lally, Grant M.",R,0,63219
738,NY,03,Grant M.,Lally,grant lally,"Lally, Grant M.",OTHER,0,11050
739,NY,04,Kathleen M.,Rice,kathleen rice,"Rice, Kathleen M.",OTHER,0,6021
740,NY,04,Kathleen M.,Rice,kathleen rice,"Rice, Kathleen M.",D,0,83772
741,NY,04,Bruce A.,Blakeman,bruce blakeman,"Blakeman, Bruce A.",OTHER,0,67811
742,NY,04,Bruce A.,Blakeman,bruce blakeman,"Blakeman, Bruce A.",OTHER,0,2437
743,NY,04,Bruce A.,Blakeman,bruce blakeman,"Blakeman, Bruce A.",OTHER,0,9879
744,NY,05,Gregory  W.,Meeks,gregory meeks,"Meeks, Gregory  W.",D,1,75712
745,NY,05,Allen F.,Steinhardt,allen steinhardt,"Steinhardt, Allen F.",OTHER,0,3870
746,NY,06,Grace,Meng,grace meng,"Meng, Grace",D,1,49227
747,NY,06,Grace,Meng,grace meng,"Meng, Grace",OTHER,1,6141
748,NY,07,Nydia M.,Valezquez,nydia valezquez,"Valezquez, Nydia M.",OTHER,1,9451
749,NY,07,Nydia M.,Valezquez,nydia valezquez,"Valezquez, Nydia M.",D,1,47142
750,NY,07,Jose Luis ,Fernandez,jose fernandez,"Fernandez, Jose Luis ",R,0,5713
751,NY,07,Allan E.,Romaguera,allan romaguera,"Romaguera, Allan E.",OTHER,0,1398
752,NY,08,Hakeem S.,Jeffries,hakeem jeffries,"Jeffries, Hakeem S.",D,1,70469
753,NY,08,Hakeem S.,Jeffries,hakeem jeffries,"Jeffries, Hakeem S.",OTHER,1,6786
754,NY,08,Alan ,Bellone,alan bellone,"Bellone, Alan ",OTHER,0,6673
755,NY,09,Yvette D.,Clarke,yvette clarke,"Clarke, Yvette D.",D,1,70997
756,NY,09,Yvette D.,Clarke,yvette clarke,"Clarke, Yvette D.",OTHER,1,11662
757,NY,09,Daniel J.,Cavanagh,daniel cavanagh,"Cavanagh, Daniel J.",OTHER,0,9727
758,NY,10,Jerrold L.,Nadler,jerrold nadler,"Nadler, Jerrold L.",D,1,73945
759,NY,10,Jerrold L.,Nadler,jerrold nadler,"Nadler, Jerrold L.",OTHER,1,15135
760,NY,10,Ross,Brady,ross brady,"Brady, Ross",OTHER,0,12042
761,NY,10,Michael J.,Dilger,michael dilger,"Dilger, Michael J.",OTHER,0,554
762,NY,11,Michael G.,Grimm,michael grimm,"Grimm, Michael G.",R,1,48291
763,NY,11,Michael G.,Grimm,michael grimm,"Grimm, Michael G.",OTHER,1,8251
764,NY,11,Michael G.,Grimm,michael grimm,"Grimm, Michael G.",OTHER,1,2344
765,NY,11,"Domenic M., Jr.",Recchia,domenic recchia,"Recchia, Domenic M., Jr.",D,0,41429
766,NY,11,"Domenic M., Jr.",Recchia,domenic recchia,"Recchia, Domenic M., Jr.",OTHER,0,3815
767,NY,11,Henry J.,Bardel,henry bardel,"Bardel, Henry J.",OTHER,0,2687
768,NY,12,Carolyn B.,Maloney,carolyn maloney,"Maloney, Carolyn B.",D,1,78440
769,NY,12,Carolyn B.,Maloney,carolyn maloney,"Maloney, Carolyn B.",OTHER,1,12163
770,NY,12,Nicholas S.,Di Iorio,nicholas di iorio,"Di Iorio, Nicholas S.",R,0,19564
771,NY,12,Nicholas S.,Di Iorio,nicholas di iorio,"Di Iorio, Nicholas S.",OTHER,0,1841
772,NY,12,Nicholas S.,Di Iorio,nicholas di iorio,"Di Iorio, Nicholas S.",OTHER,0,1326
773,NY,13,Charles B.,Rangel,charles rangel,"Rangel, Charles B.",D,1,63437
774,NY,13,Charles B.,Rangel,charles rangel,"Rangel, Charles B. #",OTHER,1,4959
775,NY,13,Daniel Vila,Rivera,daniel rivera,"Rivera, Daniel Vila",OTHER,0,9806
776,NY,14,Joseph,Crowley,joseph crowley,"Crowley, Joseph",D,1,45370
777,NY,14,Joseph,Crowley,joseph crowley,"Crowley, Joseph",OTHER,1,4982
778,NY,14,Elizabeth,Perri,elizabeth perri,"Perri, Elizabeth",OTHER,0,6735
779,NY,15,Jose E.,Serrano,jose serrano,"Serrano, Jose E.",OTHER,1,1778
780,NY,15,Jose E.,Serrano,jose serrano,"Serrano, Jose E.",D,1,53128
781,NY,15,Eduardo,Ramirez,eduardo ramirez,"Ramirez, Eduardo",OTHER,0,1047
782,NY,15,William  ,Edstrom,william edstrom,"Edstrom, William  ",OTHER,0,568
783,NY,16,Eliot L.,Engel,eliot engel,"Engel, Eliot L.",D,1,90088
784,NY,16,Eliot L.,Engel,eliot engel,"Engel, Eliot L.",OTHER,1,9570
785,NY,17,Nita M.,Lowey,nita lowey,"Lowey, Nita M.",D,1,89295
786,NY,17,Nita M.,Lowey,nita lowey,"Lowey, Nita M.",OTHER,1,8855
787,NY,17,Christopher E.,Day,christopher day,"Day, Christopher E.",R,0,63549
788,NY,17,Christopher E.,Day,christopher day,"Day, Christopher E.",OTHER,0,12232
789,NY,18,Sean Patrick,Maloney,sean maloney,"Maloney, Sean Patrick",D,1,76235
790,NY,18,Sean Patrick,Maloney,sean maloney,"Maloney, Sean Patrick",OTHER,1,12758
791,NY,18,Nan,Hayworth,nan hayworth,"Hayworth, Nan",R,0,66523
792,NY,18,Nan,Hayworth,nan hayworth,"Hayworth, Nan",OTHER,0,15714
793,NY,18,Nan,Hayworth,nan hayworth,"Hayworth, Nan",OTHER,0,3423
794,NY,18,Scott A.,Smith,scott smith,"Smith, Scott A.",OTHER,0,4294
795,NY,19,Christopher P.,Gibson,christopher gibson,"Gibson, Christopher P.",R,1,102118
796,NY,19,Christopher P.,Gibson,christopher gibson,"Gibson, Christopher P.",OTHER,1,20420
797,NY,19,Christopher P.,Gibson,christopher gibson,"Gibson, Christopher P.",OTHER,1,9056
798,NY,19,Sean S.,Eldridge,sean eldridge,"Eldridge, Sean S.",D,0,60533
799,NY,19,Sean S.,Eldridge,sean eldridge,"Eldridge, Sean S.",OTHER,0,11937
800,NY,20,Paul D.,Tonko,paul tonko,"Tonko, Paul D.",D,1,103437
801,NY,20,Paul D.,Tonko,paul tonko,"Tonko, Paul D.",OTHER,1,10389
802,NY,20,Paul D.,Tonko,paul tonko,"Tonko, Paul D.",OTHER,1,11285
803,NY,20,James M.,Fischer,james fischer,"Fischer, James M.",R,0,61820
804,NY,20,James M.,Fischer,james fischer,"Fischer, James M.",OTHER,0,17284
805,NY,21,Elise M.,Stefanik,elise stefanik,"Stefanik, Elise M.",R,0,79615
806,NY,21,Elise M.,Stefanik,elise stefanik,"Stefanik, Elise M.",OTHER,0,12207
807,NY,21,Elise M.,Stefanik,elise stefanik,"Stefanik, Elise M. #",OTHER,0,4404
808,NY,21,Aaron G.,Woolf,aaron woolf,"Woolf, Aaron G.",D,0,53140
809,NY,21,Aaron G.,Woolf,aaron woolf,"Woolf, Aaron G.",OTHER,0,5923
810,NY,21,Matthew J.,Funiciello,matthew funiciello,"Funiciello, Matthew J.",OTHER,0,19238
811,NY,22,Richard L.,Hanna,richard hanna,"Hanna, Richard L.",OTHER,1,16277
812,NY,22,Richard L.,Hanna,richard hanna,"Hanna, Richard L.",R,1,113574
813,NY,23,"Thomas W., II",Reed,thomas reed,"Reed, Thomas W., II",R,1,94375
814,NY,23,"Thomas W., II",Reed,thomas reed,"Reed, Thomas W., II",OTHER,1,13917
815,NY,23,"Thomas W., II",Reed,thomas reed,"Reed, Thomas W., II",OTHER,1,4838
816,NY,23,Martha,Robertson,martha robertson,"Robertson, Martha",D,0,60233
817,NY,23,Martha,Robertson,martha robertson,"Robertson, Martha",OTHER,0,10009
818,NY,24,John M.,Katko,john katko,"Katko, John M.",R,0,93881
819,NY,24,John M.,Katko,john katko,"Katko, John M.",OTHER,0,17768
820,NY,24,John M.,Katko,john katko,"Katko, John M.",OTHER,0,6825
821,NY,24,Daniel B.,Maffei,daniel maffei,"Maffei, Daniel B.",D,1,72631
822,NY,24,Daniel B.,Maffei,daniel maffei,"Maffei, Daniel B.",OTHER,1,7673
823,NY,25,Louise M.,Slaughter,louise slaughter,"Slaughter, Louise M.",D,1,87264
824,NY,25,Louise M.,Slaughter,louise slaughter,"Slaughter, Louise M.",OTHER,1,9539
825,NY,25,Mark W.,Assini,mark assini,"Assini, Mark W.",R,0,75990
826,NY,25,Mark W.,Assini,mark assini,"Assini, Mark W.",OTHER,0,19942
827,NY,26,Brian,Higgins,brian higgins,"Higgins, Brian",D,1,100648
828,NY,26,Brian,Higgins,brian higgins,"Higgins, Brian",OTHER,1,12562
829,NY,26,Kathleen A.,Weppner,kathleen weppner,"Weppner, Kathleen A.",R,0,38477
830,NY,26,Kathleen A.,Weppner,kathleen weppner,"Weppner, Kathleen A.",OTHER,0,14432
831,NY,27,Chris,Collins,chris collins,"Collins, Chris",R,1,109171
832,NY,27,Chris,Collins,chris collins,"Collins, Chris",OTHER,1,27605
833,NY,27,Chris,Collins,chris collins,"Collins, Chris",OTHER,1,7899
834,NY,27,James D.,O'Donnell,james o'donnell,"O'Donnell, James D.",D,0,50939
835,NY,27,James D.,O'Donnell,james o'donnell,"O'Donnell, James D.",OTHER,0,7972
836,NC,01,G. K.,Butterfield,g. butterfield,"Butterfield, G. K.",D,1,154333
837,NC,01,Arthur,Rich,arthur rich,"Rich, Arthur",R,0,55990
838,NC,02,Renee,Ellmers,renee ellmers,"Ellmers, Renee",R,1,122128
839,NC,02,Clay,Aiken,clay aiken,"Aiken, Clay",D,0,85479
840,NC,03,Walter,Jones,walter jones,"Jones, Walter",R,1,139415
841,NC,03,Marshall,Adame,marshall adame,"Adame, Marshall",D,0,66182
842,NC,04,David,Price,david price,"Price, David",D,1,169946
843,NC,04,Paul,Wright,paul wright,"Wright, Paul",R,0,57416
844,NC,05,Virginia,Foxx,virginia foxx,"Foxx, Virginia",R,1,139279
845,NC,05,Joshua (Josh),Brannon,joshua brannon,"Brannon, Joshua (Josh)",D,0,88973
846,NC,06,Mark,Walker,mark walker,"Walker, Mark",R,0,147312
847,NC,06,Laura,Fjeld,laura fjeld,"Fjeld, Laura",D,0,103758
848,NC,07,David,Rouzer,david rouzer,"Rouzer, David",R,0,134431
849,NC,07,"Jonathan, Jr.",Barfield,"jonathan, barfield","Barfield, Jonathan, Jr.",D,0,84054
850,NC,07,J. Wesley,Casteen,j. casteen,"Casteen, J. Wesley",OTHER,0,7850
851,NC,07,Louis,Harmati,louis harmati,"Harmati, Louis",OTHER,0,6
852,NC,08,Richard,Hudson,richard hudson,"Hudson, Richard",R,1,121568
853,NC,08,Antonio,Blue,antonio blue,"Blue, Antonio",D,0,65854
854,NC,09,Robert,Pittenger,robert pittenger,"Pittenger, Robert",R,1,163080
855,NC,09,Shawn,Eckles,shawn eckles,"Eckles, Shawn",OTHER,0,2369
856,NC,10,Patrick,McHenry,patrick mchenry,"McHenry, Patrick",R,1,133504
857,NC,10,Tate,MacQueen,tate macqueen,"MacQueen, Tate",D,0,85292
858,NC,11,Mark,Meadows,mark meadows,"Meadows, Mark",R,1,144682
859,NC,11,Tom,Hill,tom hill,"Hill, Tom",D,0,85342
860,NC,12 - FULL TERM,Alma,Adams,alma adams,"Adams, Alma",D,0,130096
861,NC,12 - FULL TERM,Vince,Coakley,vince coakley,"Coakley, Vince",R,0,42568
862,NC,12 - UNEXPIRED TERM,Alma,Adams,alma adams,"Adams, Alma",D,0,127668
863,NC,12 - UNEXPIRED TERM,Vince,Coakley,vince coakley,"Coakley, Vince",R,0,41578
864,NC,13,George,Holding,george holding,"Holding, George",R,1,153991
865,NC,13,Brenda,Cleary,brenda cleary,"Cleary, Brenda",D,0,114718
866,ND,00,Kevin,Cramer,kevin cramer,"Cramer, Kevin",R,1,138100
867,ND,00,George,Sinner,george sinner,"Sinner, George",OTHER,0,95678
868,ND,00,"Robert J. ""Jack""",Seaman,robert seaman,"Seaman, Robert J. ""Jack""",OTHER,0,14531
869,MP,00,Gregorio Kilili Camacho,Sablan,gregorio sablan,"Sablan, Gregorio Kilili Camacho",OTHER,1,8549
870,MP,00,Andrew Sablan,Salas,andrew salas,"Salas, Andrew Sablan",D,0,4547
871,OH,01,Steve,Chabot,steve chabot,"Chabot, Steve",R,1,124779
872,OH,01,Fred,Kundrata,fred kundrata,"Kundrata, Fred",D,0,72604
873,OH,02,Brad ,Wenstrup,brad wenstrup,"Wenstrup, Brad ",R,1,132658
874,OH,02,Marek,Tyszkiewicz,marek tyszkiewicz,"Tyszkiewicz, Marek",D,0,68453
875,OH,03,Joyce B.,Beatty,joyce beatty,"Beatty, Joyce B.",D,1,91769
876,OH,03,John ,Adams,john adams,"Adams, John ",R,0,51475
877,OH,03,Ralph A.,Applegate,ralph applegate,"Applegate, Ralph A.",OTHER,0,17
878,OH,04,Jim ,Jordan,jim jordan,"Jordan, Jim ",R,1,125907
879,OH,04,Janet,Garrett,janet garrett,"Garrett, Janet",D,0,60165
880,OH,05,Bob,Latta,bob latta,"Latta, Bob",R,1,134449
881,OH,05,Robert L.,Fry,robert fry,"Fry, Robert L.",D,0,58507
882,OH,05,Eric,Eberly,eric eberly,"Eberly, Eric",OTHER,0,9344
883,OH,06,Bill,Johnson,bill johnson,"Johnson, Bill",R,1,111026
884,OH,06,Jennifer ,Garrison,jennifer garrison,"Garrison, Jennifer ",D,0,73561
885,OH,06,Dennis,Lambert,dennis lambert,"Lambert, Dennis",OTHER,0,6065
886,OH,07,Bob ,Gibbs,bob gibbs,"Gibbs, Bob ",R,1,143959
887,OH,08,John A.,Boehner,john boehner,"Boehner, John A.",R,1,126539
888,OH,08,Tom,Poetter,tom poetter,"Poetter, Tom",D,0,51534
889,OH,08,"James J., Jr.",Condit,james condit,"Condit, James J., Jr.",OTHER,0,10257
890,OH,09,Marcy,Kaptur,marcy kaptur,"Kaptur, Marcy",D,1,108870
891,OH,09,Richard,May,richard may,"May, Richard",R,0,51704
892,OH,09,Cory,Hoffman,cory hoffman,"Hoffman, Cory",OTHER,0,112
893,OH,09,George A.,Skalsky,george skalsky,"Skalsky, George A.",OTHER,0,29
894,OH,10,Mike,Turner,mike turner,"Turner, Mike",R,1,130752
895,OH,10,Robert,Klepinger,robert klepinger,"Klepinger, Robert",D,0,63249
896,OH,10,David A.,Harlow,david harlow,"Harlow, David A.",OTHER,0,6605
897,OH,11,Marcia L.,Fudge,marcia fudge,"Fudge, Marcia L.",D,1,137105
898,OH,11,Mark,Zetzer,mark zetzer,"Zetzer, Mark",R,0,35461
899,OH,12,Pat,Tiberi,pat tiberi,"Tiberi, Pat",R,1,150573
900,OH,12,David Arthur,Tibbs,david tibbs,"Tibbs, David Arthur",D,0,61360
901,OH,12,Bob,Hart,bob hart,"Hart, Bob",OTHER,0,9148
902,OH,13,Tim,Ryan,tim ryan,"Ryan, Tim",D,1,120230
903,OH,13,Thomas,Pekarek,thomas pekarek,"Pekarek, Thomas",R,0,55233
904,OH,13,David Allen,Pastorius,david pastorius,"Pastorius, David Allen",OTHER,0,86
905,OH,14,David P.,Joyce,david joyce,"Joyce, David P.",R,1,135736
906,OH,14,Michael ,Wager,michael wager,"Wager, Michael ",D,0,70856
907,OH,14,David ,Macko,david macko,"Macko, David ",OTHER,0,7988
908,OH,15,Steve,Stivers,steve stivers,"Stivers, Steve",R,1,128496
909,OH,15,Scott,Wharton,scott wharton,"Wharton, Scott",D,0,66125
910,OH,16,Jim,Renacci,jim renacci,"Renacci, Jim",R,1,132176
911,OH,16,Pete ,Crossland,pete crossland,"Crossland, Pete ",D,0,75199
912,OK,01,Jim,Bridenstine,jim bridenstine,"Bridenstine, Jim",R,1,Unopposed
913,OK,02,Markwayne,Mullin,markwayne mullin,"Mullin, Markwayne",R,1,110925
914,OK,02,Earl E.,Everett,earl everett,"Everett, Earl E.",D,0,38964
915,OK,02,Jon,Douthitt,jon douthitt,"Douthitt, Jon",OTHER,0,8518
916,OK,03,Frank D.,Lucas,frank lucas,"Lucas, Frank D.",R,1,133335
917,OK,03,Frankie,Robbins,frankie robbins,"Robbins, Frankie",D,0,36270
918,OK,04,Tom,Cole,tom cole,"Cole, Tom",R,1,117721
919,OK,04,Bert,Smith,bert smith,"Smith, Bert",D,0,40998
920,OK,04,Dennis B.,Johnson,dennis johnson,"Johnson, Dennis B.",OTHER,0,7549
921,OK,05,Steve,Russell,steve russell,"Russell, Steve",R,0,95632
922,OK,05,Al,McAffrey,al mcaffrey,"McAffrey, Al",D,0,57790
923,OK,05,Robert T.,Murphy,robert murphy,"Murphy, Robert T.",OTHER,0,2176
924,OK,05,Tom,Boggs,tom boggs,"Boggs, Tom",OTHER,0,2065
925,OK,05,Buddy,Ray,buddy ray,"Ray, Buddy",OTHER,0,1470
926,OR,01,Suzanne ,Bonamici,suzanne bonamici,"Bonamici, Suzanne ",OTHER,1,160038
927,OR,01,Jason,Yates,jason yates,"Yates, Jason",OTHER,0,96245
928,OR,01,James,Foster,james foster,"Foster, James",OTHER,0,11213
929,OR,01,Steven C.,Reynolds,steven reynolds,"Reynolds, Steven C.",OTHER,0,11163
930,OR,02,Greg ,Walden,greg walden,"Walden, Greg ",R,1,202374
931,OR,02,Aelea ,Christofferson,aelea christofferson,"Christofferson, Aelea ",D,0,73785
932,OR,02,Sharon L.,Durbin,sharon durbin,"Durbin, Sharon L.",OTHER,0,10491
933,OR,03,Earl ,Blumenauer,earl blumenauer,"Blumenauer, Earl ",D,1,211748
934,OR,03,James,Buchal,james buchal,"Buchal, James",OTHER,0,57424
935,OR,03,Michael,Meo,michael meo,"Meo, Michael",OTHER,0,12106
936,OR,03,Jeffrey J.,Langan,jeffrey langan,"Langan, Jeffrey J.",OTHER,0,6381
937,OR,03,David ,Walker,david walker,"Walker, David ",OTHER,0,4009
938,OR,04,Peter A.,DeFazio,peter defazio,"DeFazio, Peter A.",OTHER,1,181624
939,OR,04,Art,Robinson,art robinson,"Robinson, Art",OTHER,0,116534
940,OR,04,Mike,Beilstein,mike beilstein,"Beilstein, Mike",OTHER,0,6863
941,OR,04,David L.,Chester,david chester,"Chester, David L.",OTHER,0,4676
942,OR,05,Kurt,Schrader,kurt schrader,"Schrader, Kurt",D,1,150944
943,OR,05,Tootie ,Smith,tootie smith,"Smith, Tootie ",R,0,110332
944,OR,05,Marvin,Sannes,marvin sannes,"Sannes, Marvin",OTHER,0,7674
945,OR,05,Raymond,Baldwin,raymond baldwin,"Baldwin, Raymond",OTHER,0,6208
946,OR,05,Daniel K.,Souza,daniel souza,"Souza, Daniel K.",OTHER,0,5198
947,PA,01,Robert A.,Brady,robert brady,"Brady, Robert A.",D,1,131248
948,PA,01,Megan,Rath,megan rath,"Rath, Megan",R,0,27193
949,PA,02,Chaka ,Fattah,chaka fattah,"Fattah, Chaka ",D,1,181141
950,PA,02,Armond,James,armond james,"James, Armond",R,0,25397
951,PA,03,Mike,Kelly,mike kelly,"Kelly, Mike",R,1,113859
952,PA,03,Dan,Lavallee,dan lavallee,"Lavallee, Dan",D,0,73931
953,PA,04,Scott,Perry,scott perry,"Perry, Scott",R,1,147090
954,PA,04,Linda Deliah,Thompson,linda thompson,"Thompson, Linda Deliah",D,0,50250
955,PA,05,Glenn GT,Thompson,glenn thompson,"Thompson, Glenn GT",R,1,115018
956,PA,05,Kerith Strano ,Taylor,kerith taylor,"Taylor, Kerith Strano ",D,0,65839
957,PA,06,Ryan,Costello,ryan costello,"Costello, Ryan",R,0,119643
958,PA,06,Manan,Trivedi,manan trivedi,"Trivedi, Manan",D,0,92901
959,PA,07,Patrick L.,Meehan,patrick meehan,"Meehan, Patrick L.",R,1,145869
960,PA,07,Mary Ellen,Balchunis,mary balchunis,"Balchunis, Mary Ellen",D,0,89256
961,PA,08,Michael G.,Fitzpatrick,michael fitzpatrick,"Fitzpatrick, Michael G.",R,1,137731
962,PA,08,Kevin,Strouse,kevin strouse,"Strouse, Kevin",D,0,84767
963,PA,09,Bill,Shuster,bill shuster,"Shuster, Bill",R,1,110094
964,PA,09,Alanna,Hartzok,alanna hartzok,"Hartzok, Alanna",D,0,63223
965,PA,10,Tom,Marino,tom marino,"Marino, Tom",R,1,112851
966,PA,10,Scott F.,Brion,scott brion,"Brion, Scott F.",D,0,44737
967,PA,10,Nicholas,Troiano,nicholas troiano,"Troiano, Nicholas",OTHER,0,22734
968,PA,11,Lou,Barletta,lou barletta,"Barletta, Lou",R,1,122464
969,PA,11,Andy,Ostrowski,andy ostrowski,"Ostrowski, Andy",D,0,62228
970,PA,12,Keith ,Rothfus,keith rothfus,"Rothfus, Keith ",R,1,127993
971,PA,12,Erin,McClelland,erin mcclelland,"McClelland, Erin",D,0,87928
972,PA,13,Brendan F.,Boyle,brendan boyle,"Boyle, Brendan F.",D,0,123601
973,PA,13,Carson Dee,Adcock,carson adcock,"Adcock, Carson Dee",R,0,60549
974,PA,14,Mike,Doyle,mike doyle,"Doyle, Mike",D,1,148351
975,PA,15,Charles W.,Dent,charles dent,"Dent, Charles W.",R,1,128285
976,PA,16,Joseph R.,Pitts,joseph pitts,"Pitts, Joseph R.",R,1,101722
977,PA,16,Tom,Houghton,tom houghton,"Houghton, Tom",D,0,74513
978,PA,17,Matt,Cartwright,matt cartwright,"Cartwright, Matt",D,1,93680
979,PA,17,David J.,Moylan,david moylan,"Moylan, David J.",R,0,71371
980,PA,18,Tim,Murphy,tim murphy,"Murphy, Tim",R,1,166076
981,RI,01,David N.,Cicilline,david cicilline,"Cicilline, David N.",D,1,87060
982,RI,01,Cormick Brendan,Lynch,cormick lynch,"Lynch, Cormick Brendan",R,0,58877
983,RI,01,Mickey,Mouse,mickey mouse,"Mouse, Mickey",OTHER,0,9
984,RI,02,James R.,Langevin,james langevin,"Langevin, James R.",D,1,105716
985,RI,02,Rhue R.,Reis,rhue reis,"Reis, Rhue R.",R,0,63844
986,RI,02,Charles,Picerno,charles picerno,"Picerno, Charles",OTHER,0,6
987,SC,01,Mark,Sanford,mark sanford,"Sanford, Mark",R,1,119392
988,SC,02,Joe,Wilson,joe wilson,"Wilson, Joe",R,1,121649
989,SC,02,Phil ,Black,phil black,"Black, Phil ",D,0,68719
990,SC,02,"Harold, III",Geddings,"harold, geddings","Geddings, Harold, III",OTHER,0,4158
991,SC,03,Jeff,Duncan,jeff duncan,"Duncan, Jeff",R,1,116741
992,SC,03,Barbara Jo,Mullis,barbara mullis,"Mullis, Barbara Jo",D,0,47181
993,SC,04,Trey,Gowdy,trey gowdy,"Gowdy, Trey",R,1,126452
994,SC,04,Curtis E.,McLaughlin,curtis mclaughlin,"McLaughlin, Curtis E.",OTHER,0,21969
995,SC,05,Mick ,Mulvaney,mick mulvaney,"Mulvaney, Mick ",R,1,103078
996,SC,05,Tom ,Adams,tom adams,"Adams, Tom ",D,0,66802
997,SC,05,Tom ,Adams,tom adams,"Adams, Tom ",OTHER,0,5183
998,SC,06,"James E. ""Jim"" ",Clyburn,james clyburn,"Clyburn, James E. ""Jim"" ",D,1,125747
999,SC,06,Anthony,Culler,anthony culler,"Culler, Anthony",R,0,44311
1000,SC,06,Kevin R.,Umbaugh,kevin umbaugh,"Umbaugh, Kevin R.",OTHER,0,3176
1001,SC,07,Tom ,Rice,tom rice,"Rice, Tom ",R,1,102833
1002,SC,07,Gloria,Bromell-Tinubu,gloria bromell-tinubu,"Bromell-Tinubu, Gloria",D,0,68576
1003,SD,00,Kristi,Noem,kristi noem,"Noem, Kristi",R,1,183834
1004,SD,00,Corinna,Robinson,corinna robinson,"Robinson, Corinna",D,0,92485
1005,TN,01,Phil,Roe,phil roe,"Roe, Phil",R,1,115533
1006,TN,01,Robert D.,Franklin,robert franklin,"Franklin, Robert D.",OTHER,0,9906
1007,TN,01,Robert N.,Smith,robert smith,"Smith, Robert N.",OTHER,0,9869
1008,TN,01,Michael D.,Salyer,michael salyer,"Salyer, Michael D.",OTHER,0,4148
1009,TN,01,Scott,Kudialis,scott kudialis,"Kudialis, Scott",OTHER,0,14
1010,TN,02,"John J., Jr.",Duncan,john duncan,"Duncan, John J., Jr.",R,1,120883
1011,TN,02,Bob,Scott,bob scott,"Scott, Bob",D,0,37612
1012,TN,02,Casey Adam,Gouge,casey gouge,"Gouge, Casey Adam",OTHER,0,4223
1013,TN,02,Norris,Dryer,norris dryer,"Dryer, Norris",OTHER,0,4033
1014,TN,03,Chuck,Fleischmann,chuck fleischmann,"Fleischmann, Chuck",R,1,97344
1015,TN,03,Mary M.,Headrick,mary headrick,"Headrick, Mary M.",D,0,53983
1016,TN,03,Cassandra J.,Mitchell,cassandra mitchell,"Mitchell, Cassandra J.",OTHER,0,4770
1017,TN,04,Scott,DesJarlais,scott desjarlais,"DesJarlais, Scott",R,1,84815
1018,TN,04,Lenda ,Sherrell,lenda sherrell,"Sherrell, Lenda ",D,0,51357
1019,TN,04,Robert Rankin,Doggart,robert doggart,"Doggart, Robert Rankin",OTHER,0,9246
1020,TN,05,Jim,Cooper,jim cooper,"Cooper, Jim",D,1,96148
1021,TN,05,Bob,Ries,bob ries,"Ries, Bob",R,0,55078
1022,TN,05,Paul,Deakin,paul deakin,"Deakin, Paul",OTHER,0,3050
1023,TN,06,Diane,Black,diane black,"Black, Diane",R,1,115231
1024,TN,06,Amos Scott,Powers,amos powers,"Powers, Amos Scott",D,0,37232
1025,TN,06,Mike ,Winton,mike winton,"Winton, Mike ",OTHER,0,9634
1026,TN,07,Marsha,Blackburn,marsha blackburn,"Blackburn, Marsha",R,1,110534
1027,TN,07,Daniel,Cramer,daniel cramer,"Cramer, Daniel",D,0,42280
1028,TN,07,Leonard D.,Ladner,leonard ladner,"Ladner, Leonard D.",OTHER,0,5093
1029,TN,08,Stephen Lee,Fincher,stephen fincher,"Fincher, Stephen Lee",R,1,122255
1030,TN,08,Dana,Matheny,dana matheny,"Matheny, Dana",OTHER,0,4
1031,TN,08,Wes,Bradley,wes bradley,"Bradley, Wes",D,0,42433
1032,TN,08,Mark,Rawles,mark rawles,"Rawles, Mark",OTHER,0,4451
1033,TN,08,James,Hart,james hart,"Hart, James",OTHER,0,3452
1034,TN,09,Steve ,Cohen,steve cohen,"Cohen, Steve ",D,1,87376
1035,TN,09,Charlotte,Bergmann,charlotte bergmann,"Bergmann, Charlotte",R,0,27173
1036,TN,09,Floyd Wayne,Alberson,floyd alberson,"Alberson, Floyd Wayne",OTHER,0,766
1037,TN,09,Paul,Cook,paul cook,"Cook, Paul",OTHER,0,752
1038,TN,09,Herbert,Bass,herbert bass,"Bass, Herbert",OTHER,0,483
1039,TX,01,Louie,Gohmert,louie gohmert,"Gohmert, Louie",R,1,115084
1040,TX,01,Shirley J.,McKellar,shirley mckellar,"McKellar, Shirley J.",D,0,33476
1041,TX,02,Ted,Poe,ted poe,"Poe, Ted",R,1,101936
1042,TX,02,Niko,Letsos,niko letsos,"Letsos, Niko",D,0,44462
1043,TX,02,James B.,Veasaw,james veasaw,"Veasaw, James B.",OTHER,0,2316
1044,TX,02,Mark,Roberts,mark roberts,"Roberts, Mark",OTHER,0,1312
1045,TX,03,Sam,Johnson,sam johnson,"Johnson, Sam",R,1,113404
1046,TX,03,Paul,Blair,paul blair,"Blair, Paul",OTHER,0,24876
1047,TX,04,John,Ratcliffe,john ratcliffe,"Ratcliffe, John",R,0,115085
1048,TX,05,Jeb,Hensarling,jeb hensarling,"Hensarling, Jeb",R,1,88998
1049,TX,05,Ken,Ashby,ken ashby,"Ashby, Ken",OTHER,0,15264
1050,TX,06,Joe,Barton,joe barton,"Barton, Joe",R,1,92334
1051,TX,06,David E.,Cozad,david cozad,"Cozad, David E.",D,0,55027
1052,TX,06,Hugh,Chauvin,hugh chauvin,"Chauvin, Hugh",OTHER,0,3635
1053,TX,07,John,Culberson,john culberson,"Culberson, John",R,1,90606
1054,TX,07,James,Cargas,james cargas,"Cargas, James",D,0,49478
1055,TX,07,Gerald,Fowler,gerald fowler,"Fowler, Gerald",OTHER,0,3135
1056,TX,08,Kevin,Brady,kevin brady,"Brady, Kevin",R,1,125066
1057,TX,08,Ken,Petty,ken petty,"Petty, Ken",OTHER,0,14947
1058,TX,09,Al,Green,al green,"Green, Al",D,1,78109
1059,TX,09,Johnny,Johnson,johnny johnson,"Johnson, Johnny",OTHER,0,7894
1060,TX,10,Michael,McCaul,michael mccaul,"McCaul, Michael",R,1,109726
1061,TX,10,Tawana,Walter-Cadien,tawana walter-cadien,"Walter-Cadien, Tawana",D,0,60243
1062,TX,10,Bill,Kelsey,bill kelsey,"Kelsey, Bill",OTHER,0,6491
1063,TX,11,Mike,Conaway,mike conaway,"Conaway, Mike",R,1,107939
1064,TX,11,Ryan T.,Lange,ryan lange,"Lange, Ryan T.",OTHER,0,11635
1065,TX,12,Kay,Granger,kay granger,"Granger, Kay",R,1,113186
1066,TX,12,Mark,Greene,mark greene,"Greene, Mark",D,0,41757
1067,TX,12,Ed,Colliver,ed colliver,"Colliver, Ed",OTHER,0,3787
1068,TX,13,Mac,Thornberry,mac thornberry,"Thornberry, Mac",R,1,110842
1069,TX,13,Mike,Minter,mike minter,"Minter, Mike",D,0,16822
1070,TX,13,Emily,Pivoda,emily pivoda,"Pivoda, Emily",OTHER,0,2863
1071,TX,13,Don,Cook,don cook,"Cook, Don",OTHER,0,924
1072,TX,14,Randy,Weber,randy weber,"Weber, Randy",R,1,90116
1073,TX,14,Donald G.,Brown,donald brown,"Brown, Donald G.",D,0,52545
1074,TX,14,John,Wieder,john wieder,"Wieder, John",OTHER,0,3037
1075,TX,15,Rubén,Hinojosa,rubén hinojosa,"Hinojosa, Rubén",D,1,48708
1076,TX,15,Eddie,Zamora,eddie zamora,"Zamora, Eddie",R,0,39016
1077,TX,15,Johnny,Partain,johnny partain,"Partain, Johnny",OTHER,0,2460
1078,TX,16,Beto,O'Rourke,beto o'rourke,"O'Rourke, Beto",D,1,49338
1079,TX,16,Corey,Roen,corey roen,"Roen, Corey",R,0,21324
1080,TX,16,Jaime O.,Perez,jaime perez,"Perez, Jaime O.",OTHER,0,2443
1081,TX,17,Bill,Flores,bill flores,"Flores, Bill",R,1,85807
1082,TX,17,Nick,Haynes,nick haynes,"Haynes, Nick",D,0,43049
1083,TX,17,Shawn Michael,Hamilton,shawn hamilton,"Hamilton, Shawn Michael",OTHER,0,4009
1084,TX,18,Sheila,Jackson Lee,sheila jackson lee,"Jackson Lee, Sheila",D,1,76097
1085,TX,18,Sean,Seibert,sean seibert,"Seibert, Sean",R,0,26249
1086,TX,18,Vince,Duncan,vince duncan,"Duncan, Vince",OTHER,0,2362
1087,TX,18,Remington,Alessi,remington alessi,"Alessi, Remington",OTHER,0,1302
1088,TX,19,Randy,Neugebauer,randy neugebauer,"Neugebauer, Randy",R,1,90160
1089,TX,19,Neal,Marchbanks,neal marchbanks,"Marchbanks, Neal",D,0,21458
1090,TX,19,Richard (Chip),Peterson,richard peterson,"Peterson, Richard (Chip)",OTHER,0,5146
1091,TX,19,Donald L.,Vance,donald vance,"Vance, Donald L.",OTHER,0,54
1092,TX,20,Joaquin,Castro,joaquin castro,"Castro, Joaquin",D,1,66554
1093,TX,20,Jeffrey C.,Blunt,jeffrey blunt,"Blunt, Jeffrey C.",OTHER,0,21410
1094,TX,21,Lamar,Smith,lamar smith,"Smith, Lamar",R,1,135660
1095,TX,21,Antonio,Diaz,antonio diaz,"Diaz, Antonio",OTHER,0,27831
1096,TX,21,Ryan,Shields,ryan shields,"Shields, Ryan",OTHER,0,25505
1097,TX,22,Pete,Olson,pete olson,"Olson, Pete",R,1,100861
1098,TX,22,Frank,Briscoe,frank briscoe,"Briscoe, Frank",D,0,47844
1099,TX,22,Rob,Lapham,rob lapham,"Lapham, Rob",OTHER,0,2861
1100,TX,23,Will,Hurd,will hurd,"Hurd, Will",R,0,57459
1101,TX,23,Pete P.,Gallego,pete gallego,"Gallego, Pete P.",D,1,55037
1102,TX,23,Ruben,Corvalan,ruben corvalan,"Corvalan, Ruben",OTHER,0,2933
1103,TX,24,Kenny E.,Marchant,kenny marchant,"Marchant, Kenny E.",R,1,93712
1104,TX,24,Patrick,McGehearty,patrick mcgehearty,"McGehearty, Patrick",D,0,46548
1105,TX,24,Mike,Kolls,mike kolls,"Kolls, Mike",OTHER,0,3813
1106,TX,25,Roger,Williams,roger williams,"Williams, Roger",R,1,107120
1107,TX,25,Marco,Montoya,marco montoya,"Montoya, Marco",D,0,64463
1108,TX,25,John,Betz,john betz,"Betz, John",OTHER,0,6300
1109,TX,26,Michael,Burgess,michael burgess,"Burgess, Michael",R,1,116944
1110,TX,26,Mark,Boler,mark boler,"Boler, Mark",OTHER,0,24526
1111,TX,27,Blake,Farenthold,blake farenthold,"Farenthold, Blake",R,1,83342
1112,TX,27,Wesley,Reed,wesley reed,"Reed, Wesley",D,0,44152
1113,TX,27,Roxanne,Simonson,roxanne simonson,"Simonson, Roxanne",OTHER,0,3553
1114,TX,28,Henry,Cuellar,henry cuellar,"Cuellar, Henry",D,1,62508
1115,TX,28,William,Aikens,william aikens,"Aikens, William",OTHER,0,10153
1116,TX,28,Michael D.,Cary,michael cary,"Cary, Michael D.",OTHER,0,3475
1117,TX,29,Gene,Green,gene green,"Green, Gene",D,1,41321
1118,TX,29,James,Stanczak,james stanczak,"Stanczak, James",OTHER,0,4822
1119,TX,30,Eddie Bernice,Johnson,eddie johnson,"Johnson, Eddie Bernice",D,1,93041
1120,TX,30,"Max W., III",Koch,max koch,"Koch, Max W., III",OTHER,0,7154
1121,TX,30,Eric LeMonte,Williams,eric williams,"Williams, Eric LeMonte",OTHER,0,5598
1122,TX,31,John,Carter,john carter,"Carter, John",R,1,91607
1123,TX,31,Louie,Minor,louie minor,"Minor, Louie",D,0,45715
1124,TX,31,Scott J.,Ballard,scott ballard,"Ballard, Scott J.",OTHER,0,5706
1125,TX,32,Pete,Sessions,pete sessions,"Sessions, Pete",R,1,96495
1126,TX,32,Frank,Perez,frank perez,"Perez, Frank",D,0,55325
1127,TX,32,Ed,Rankin,ed rankin,"Rankin, Ed",OTHER,0,4276
1128,TX,33,Marc,Veasey,marc veasey,"Veasey, Marc",D,1,43769
1129,TX,33,Jason,Reeves,jason reeves,"Reeves, Jason",OTHER,0,6823
1130,TX,34,Filemon B.,Vela,filemon vela,"Vela, Filemon B.",D,1,47503
1131,TX,34,Larry S.,Smith,larry smith,"Smith, Larry S.",R,0,30811
1132,TX,34,Ryan,Rowley,ryan rowley,"Rowley, Ryan",OTHER,0,1563
1133,TX,35,Lloyd,Doggett,lloyd doggett,"Doggett, Lloyd",D,1,60124
1134,TX,35,Susan,Narvaiz,susan narvaiz,"Narvaiz, Susan",R,0,32040
1135,TX,35,Cory W.,Bruner,cory bruner,"Bruner, Cory W.",OTHER,0,2767
1136,TX,35,Kat,Swift,kat swift,"Swift, Kat",OTHER,0,1294
1137,TX,36,Brian,Babin,brian babin,"Babin, Brian",R,0,101663
1138,TX,36,Michael K.,Cole,michael cole,"Cole, Michael K.",D,0,29543
1139,TX,36,Rodney,Veach,rodney veach,"Veach, Rodney",OTHER,0,1951
1140,TX,36,"Hal J., Jr.",Ridley,hal ridley,"Ridley, Hal J., Jr.",OTHER,0,685
1141,UT,01,Rob,Bishop,rob bishop,"Bishop, Rob",R,1,84231
1142,UT,01,Donna,McAleer,donna mcaleer,"McAleer, Donna",D,0,36422
1143,UT,01,Craig,Bowden,craig bowden,"Bowden, Craig",OTHER,0,4847
1144,UT,01,Dwayne A.,Vance,dwayne vance,"Vance, Dwayne A.",OTHER,0,4534
1145,UT,02,Chris,Stewart,chris stewart,"Stewart, Chris",R,1,88915
1146,UT,02,Luz,Robles,luz robles,"Robles, Luz",D,0,47585
1147,UT,02,Shaun,McCausland,shaun mccausland,"McCausland, Shaun",OTHER,0,4509
1148,UT,02,Wayne L.,Hill,wayne hill,"Hill, Wayne L.",OTHER,0,3328
1149,UT,02,Bill,Barron,bill barron,"Barron, Bill",OTHER,0,1734
1150,UT,02,Warren,Rogers,warren rogers,"Rogers, Warren",OTHER,0,117
1151,UT,03,Jason,Chaffetz,jason chaffetz,"Chaffetz, Jason",R,1,102952
1152,UT,03,Brian,Wonnacott,brian wonnacott,"Wonnacott, Brian",D,0,32059
1153,UT,03,Zack,Strong,zack strong,"Strong, Zack",OTHER,0,3192
1154,UT,03,Stephen P.,Tryon,stephen tryon,"Tryon, Stephen P.",OTHER,0,2584
1155,UT,03,Ben J.,Mates,ben mates,"Mates, Ben J.",OTHER,0,1513
1156,UT,03,David A.,Else,david else,"Else, David A.",OTHER,0,280
1157,UT,04,Mia B.,Love,mia love,"Love, Mia B.",R,0,74936
1158,UT,04,Doug,Owens,doug owens,"Owens, Doug",D,0,67425
1159,UT,04,Tim,Aalders,tim aalders,"Aalders, Tim",OTHER,0,2032
1160,UT,04,Collin Robert,Simonsen,collin simonsen,"Simonsen, Collin Robert",OTHER,0,1424
1161,UT,04,Jim L.,Vein,jim vein,"Vein, Jim L.",OTHER,0,1351
1162,VT,00,Peter,Welch,peter welch,"Welch, Peter",D,1,123349
1163,VT,00,Mark,Donka,mark donka,"Donka, Mark",R,0,59432
1164,VT,00,Cris,Ericson,cris ericson,"Ericson, Cris",OTHER,0,2750
1165,VT,00,Matthew,Andrews,matthew andrews,"Andrews, Matthew",OTHER,0,2071
1166,VT,00,Jerry,Trudell,jerry trudell,"Trudell, Jerry",OTHER,0,2024
1167,VT,00,Randall,Meyer,randall meyer,"Meyer, Randall",OTHER,0,1685
1168,VI,00,Stacey,Plaskett,stacey plaskett,"Plaskett, Stacey",D,0,21224
1169,VI,00,Vince,Danet,vince danet,"Danet, Vince",R,0,1964
1170,VA,01,"Robert J. ""Rob"" ",Wittman,robert wittman,"Wittman, Robert J. ""Rob"" ",R,1,131861
1171,VA,01,"Norman G. ""Norm",Mosher,norman mosher,"Mosher, Norman G. ""Norm",D,0,72059
1172,VA,01,Glenda Gail,Parker,glenda parker,"Parker, Glenda Gail",OTHER,0,5097
1173,VA,02,E. Scott ,Rigell,e. rigell,"Rigell, E. Scott ",R,1,101558
1174,VA,02,Suzanne D.,Patrick,suzanne patrick,"Patrick, Suzanne D.",D,0,71178
1175,VA,03,"Robert C. ""Bobby""",Scott,robert scott,"Scott, Robert C. ""Bobby""",D,1,139197
1176,VA,04,J. Randy,Forbes,j. forbes,"Forbes, J. Randy",R,1,120684
1177,VA,04,Elliott G.,Fausz,elliott fausz,"Fausz, Elliott G.",D,0,75270
1178,VA,04,Bo C.,Brown,bo brown,"Brown, Bo C.",OTHER,0,4427
1179,VA,05,Robert,Hurt,robert hurt,"Hurt, Robert",R,1,124735
1180,VA,05,W. Lawrence,Gaughan,w. gaughan,"Gaughan, W. Lawrence",D,0,73482
1181,VA,05,Paul F.,Jones,paul jones,"Jones, Paul F.",OTHER,0,4298
1182,VA,05,Kenneth J.,Hildebrandt,kenneth hildebrandt,"Hildebrandt, Kenneth J.",OTHER,0,2209
1183,VA,06,"Robert W. ""Bob""",Goodlatte,robert goodlatte,"Goodlatte, Robert W. ""Bob""",R,1,133898
1184,VA,06,"William M. ""Will""",Hammer,william hammer,"Hammer, William M. ""Will""",OTHER,0,22161
1185,VA,06,Elaine B.,Hildebrandt,elaine hildebrandt,"Hildebrandt, Elaine B.",OTHER,0,21447
1186,VA,07 - FULL TERM,Dave A.,Brat,dave brat,"Brat, Dave A.",R,0,148026
1187,VA,07 - FULL TERM,"John K. ""Jack""",Trammell,john trammell,"Trammell, John K. ""Jack""",D,0,89914
1188,VA,07 - FULL TERM,"James A., Jr.",Carr,james carr,"Carr, James A., Jr.",OTHER,0,5086
1189,VA,07 - UNEXPIRED TERM,Dave A.,Brat,dave brat,"Brat, Dave A.",R,0,148841
1190,VA,07 - UNEXPIRED TERM,"John K. ""Jack""",Trammell,john trammell,"Trammell, John K. ""Jack""",D,0,91236
1191,VA,08,"Donald S., Jr.",Beyer,donald beyer,"Beyer, Donald S., Jr.",D,0,128102
1192,VA,08,Micah K.,Edmond,micah edmond,"Edmond, Micah K.",R,0,63810
1193,VA,08,Gwendolyn J. ,Beck,gwendolyn beck,"Beck, Gwendolyn J. ",OTHER,0,5420
1194,VA,08,Jeffrey S.,Carson,jeffrey carson,"Carson, Jeffrey S.",OTHER,0,4409
1195,VA,08,"Gerard C. ""Gerry,"" III",Blais,gerard blais,"Blais, Gerard C. ""Gerry,"" III",OTHER,0,963
1196,VA,09,H. Morgan ,Griffith,h. griffith,"Griffith, H. Morgan ",R,1,117465
1197,VA,09,"William R., Jr.",Carr,william carr,"Carr, William R., Jr.",OTHER,0,39412
1198,VA,10,Barbara J.,Comstock,barbara comstock,"Comstock, Barbara J.",R,0,125914
1199,VA,10,John W.,Foust,john foust,"Foust, John W.",D,0,89957
1200,VA,10,William B.,Redpath,william redpath,"Redpath, William B.",OTHER,0,3393
1201,VA,10,Brad A.,Eickholt,brad eickholt,"Eickholt, Brad A.",OTHER,0,2442
1202,VA,10,Dianne L.,Blais,dianne blais,"Blais, Dianne L.",OTHER,0,946
1203,VA,11,"Gerald E. ""Gerry""",Connolly,gerald connolly,"Connolly, Gerald E. ""Gerry""",D,1,106780
1204,VA,11,Suzanne K.,Scholte,suzanne scholte,"Scholte, Suzanne K.",R,0,75796
1205,VA,11,Marc M.,Harrold,marc harrold,"Harrold, Marc M.",OTHER,0,3264
1206,VA,11,Joe F.,Galdo,joe galdo,"Galdo, Joe F.",OTHER,0,1739
1207,WA,01,Suzan,DelBene,suzan delbene,"DelBene, Suzan",D,1,124151
1208,WA,01,Pedro,Celis,pedro celis,"Celis, Pedro",R,0,101428
1209,WA,02,Rick,Larsen,rick larsen,"Larsen, Rick",D,1,122173
1210,WA,02,B.J. ,Guillot,b.j. guillot,"Guillot, B.J. ",R,0,79518
1211,WA,03,Jaime Herrera,Beutler,jaime beutler,"Beutler, Jaime Herrera",R,1,124796
1212,WA,03,Bob,Dingethal,bob dingethal,"Dingethal, Bob",D,0,78018
1213,WA,04,Dan,Newhouse,dan newhouse,"Newhouse, Dan",R,0,77772
1214,WA,04,Clint,Didier,clint didier,"Didier, Clint",R,0,75307
1215,WA,05,Cathy McMorris,Rodgers,cathy rodgers,"Rodgers, Cathy McMorris",R,1,135470
1216,WA,05,Joseph (Joe),Pakootas,joseph pakootas,"Pakootas, Joseph (Joe)",D,0,87772
1217,WA,06,Derek ,Kilmer,derek kilmer,"Kilmer, Derek ",D,1,141265
1218,WA,06,Marty,McClendon,marty mcclendon,"McClendon, Marty",R,0,83025
1219,WA,07,Jim,McDermott,jim mcdermott,"McDermott, Jim",D,1,203954
1220,WA,07,Craig ,Keller,craig keller,"Keller, Craig ",R,0,47921
1221,WA,08,Dave,Reichert,dave reichert,"Reichert, Dave",R,1,125741
1222,WA,08,Jason,Ritchie,jason ritchie,"Ritchie, Jason",D,0,73003
1223,WA,09,Adam,Smith,adam smith,"Smith, Adam",D,1,118132
1224,WA,09,Doug,Basler,doug basler,"Basler, Doug",R,0,48662
1225,WA,10,Denny,Heck,denny heck,"Heck, Denny",D,1,99279
1226,WA,10,Joyce,McDonald,joyce mcdonald,"McDonald, Joyce",R,0,82213
1227,WV,01,David B. ,McKinley,david mckinley,"McKinley, David B. ",R,1,92491
1228,WV,01,"Glen B., III",Gainer,glen gainer,"Gainer, Glen B., III",D,0,52109
1229,WV,01,Chuck,Wood,chuck wood,"Wood, Chuck",OTHER,0,137
1230,WV,02,Alex X.,Mooney,alex mooney,"Mooney, Alex X.",R,0,72619
1231,WV,02,Robert Lawrence ,Fluharty,robert fluharty,"Fluharty, Robert Lawrence ",OTHER,0,9
1232,WV,02,Nick,Casey,nick casey,"Casey, Nick",D,0,67687
1233,WV,02,Ed,Rabel,ed rabel,"Rabel, Ed",OTHER,0,6250
1234,WV,02,Davy,Jones,davy jones,"Jones, Davy",OTHER,0,7682
1235,WV,02,Liz,Sullivan,liz sullivan,"Sullivan, Liz",OTHER,0,3
1236,WV,03,Evan,Jenkins,evan jenkins,"Jenkins, Evan",R,0,77713
1237,WV,03,"Nick J., II",Rahall,nick rahall,"Rahall, Nick J., II",D,1,62688
1238,WI,01,Paul,Ryan,paul ryan,"Ryan, Paul",R,1,182316
1239,WI,01,Rob,Zerban,rob zerban,"Zerban, Rob",D,0,105552
1240,WI,01,Keith R.,Deschler,keith deschler,"Deschler, Keith R.",OTHER,0,29
1241,WI,02,Mark,Pocan,mark pocan,"Pocan, Mark",D,1,224920
1242,WI,02,Peter,Theron,peter theron,"Theron, Peter",R,0,103619
1243,WI,03,Ron ,Kind,ron kind,"Kind, Ron ",D,1,155368
1244,WI,03,Tony,Kurtz,tony kurtz,"Kurtz, Tony",R,0,119540
1245,WI,03,Ken,Van Doren,ken van doren,"Van Doren, Ken",OTHER,0,128
1246,WI,04,Gwen,Moore,gwen moore,"Moore, Gwen",D,1,179045
1247,WI,04,Dan,Sebring,dan sebring,"Sebring, Dan",R,0,68490
1248,WI,04,Robert R.,Raymond,robert raymond,"Raymond, Robert R.",OTHER,0,7002
1249,WI,05,"F. James., Jr.",Sensenbrenner,f. sensenbrenner,"Sensenbrenner, F. James., Jr.",R,1,231160
1250,WI,05,Chris,Rockwood,chris rockwood,"Rockwood, Chris",D,0,101190
1251,WI,06,Glenn ,Grothman,glenn grothman,"Grothman, Glenn ",R,0,169767
1252,WI,06,Mark L.,Harris,mark harris,"Harris, Mark L.",D,0,122212
1253,WI,06,Gus,Fahrendorf,gus fahrendorf,"Fahrendorf, Gus",OTHER,0,6865
1254,WI,07,Sean,Duffy,sean duffy,"Duffy, Sean",R,1,169891
1255,WI,07,John,Schiess,john schiess,"Schiess, John",OTHER,0,5
1256,WI,07,Kelly ,Westlund,kelly westlund,"Westlund, Kelly ",D,0,112949
1257,WI,07,Lawrence,Dale,lawrence dale,"Dale, Lawrence",OTHER,0,3686
1258,WI,07,Rob,Taylor,rob taylor,"Taylor, Rob",OTHER,0,30
1259,WI,08,Reid J.,Ribble,reid ribble,"Ribble, Reid J.",R,1,188553
1260,WI,08,Ron,Gruett,ron gruett,"Gruett, Ron",D,0,101345
1261,WY,00,Cynthia,Lummis,cynthia lummis,"Lummis, Cynthia",R,1,113038
1262,WY,00,Richard,Grayson,richard grayson,"Grayson, Richard",D,0,37803
1263,WY,00,Richard,Brubaker,richard brubaker,"Brubaker, Richard",OTHER,0,7112
1264,WY,00,Daniel Clyde,Cummings,daniel cummings,"Cummings, Daniel Clyde",OTHER,0,6749
